{
  "builtBy": "meteor/29",
  "unibuildDependencies": {
    "os.json": {
      "files": {
        "/Users/ben/Documents/gif/packages/gif-builder/package.js": "26e8d442289870c153e0c44245f3e3a036a9df9d",
        "/Users/ben/Documents/gif/packages/gif-builder/gif-builder.js": "2e09fa6d9cec8c0a0a05a07a961f38295f667312",
        "/Users/ben/Documents/gif/packages/gif-builder/gif-builder-template.js": "5c461be4b7515254e6ed3fd9cd07c75cae0be1ed",
        "/Users/ben/Documents/gif/packages/gif-builder/gif-builder-tests.js": "9e129be7db4775b7e084ce7c24e5da0de76b9a00"
      },
      "directories": [
        {
          "absPath": "/Users/ben/Documents/gif/packages/gif-builder",
          "include": [
            "\\.js$",
            "\\.jsx$"
          ],
          "exclude": [
            "^\\.",
            "\\.app-tests?.",
            "\\.app-specs?.",
            "\\.tests?.",
            "\\.specs?."
          ],
          "names": [],
          "contents": [
            "gif-builder-template.js",
            "gif-builder-tests.js",
            "gif-builder.js",
            "package.js"
          ]
        },
        {
          "absPath": "/Users/ben/Documents/gif/packages/gif-builder",
          "include": [
            "\\/$"
          ],
          "exclude": [
            "^tests\\/$",
            "^client\\/$",
            "^\\.",
            "\\.app-tests?.",
            "\\.app-specs?.",
            "\\.tests?.",
            "\\.specs?."
          ],
          "contents": []
        }
      ]
    },
    "web.browser.json": {
      "files": {
        "/Users/ben/Documents/gif/packages/gif-builder/package.js": "26e8d442289870c153e0c44245f3e3a036a9df9d",
        "/Users/ben/Documents/gif/packages/gif-builder/gif-builder-template.html": "df76c39f346caa6b8f823141d0d889ca5b738cbe",
        "/Users/ben/Documents/gif/packages/gif-builder/gif-builder-template.js": "5c461be4b7515254e6ed3fd9cd07c75cae0be1ed",
        "/Users/ben/Documents/gif/packages/gif-builder/gif-builder-template.css": "8c9c64c6f1aa947f02bc8db42c79c0376c13640a",
        "/Users/ben/Documents/gif/packages/gif-builder/gif-builder.js": "2e09fa6d9cec8c0a0a05a07a961f38295f667312",
        "/Users/ben/Documents/gif/packages/gif-builder/gif-builder-tests.js": "9e129be7db4775b7e084ce7c24e5da0de76b9a00"
      },
      "directories": [
        {
          "absPath": "/Users/ben/Documents/gif/packages/gif-builder",
          "include": [
            "\\.css$",
            "\\.js$",
            "\\.jsx$",
            "\\.html$"
          ],
          "exclude": [
            "^\\.",
            "\\.app-tests?.",
            "\\.app-specs?.",
            "\\.tests?.",
            "\\.specs?."
          ],
          "names": [],
          "contents": [
            "gif-builder-template.css",
            "gif-builder-template.html",
            "gif-builder-template.js",
            "gif-builder-tests.js",
            "gif-builder.js",
            "package.js"
          ]
        },
        {
          "absPath": "/Users/ben/Documents/gif/packages/gif-builder",
          "include": [
            "\\/$"
          ],
          "exclude": [
            "^tests\\/$",
            "^server\\/$",
            "^\\.",
            "\\.app-tests?.",
            "\\.app-specs?.",
            "\\.tests?.",
            "\\.specs?."
          ],
          "contents": []
        }
      ]
    }
  },
  "pluginDependencies": {
    "files": {
      "/Users/ben/Documents/gif/packages/gif-builder/package.js": "26e8d442289870c153e0c44245f3e3a036a9df9d"
    },
    "directories": []
  },
  "pluginProviderPackageMap": {
    "bmcdonald:gif-builder": {
      "kind": "local",
      "sourceRoot": "/Users/ben/Documents/gif/packages/gif-builder"
    },
    "meteor": {
      "kind": "versioned",
      "version": "1.7.1"
    },
    "ecmascript": {
      "kind": "versioned",
      "version": "0.8.2"
    },
    "templating": {
      "kind": "versioned",
      "version": "1.3.2"
    },
    "risul:dropzone": {
      "kind": "versioned",
      "version": "4.2.0"
    },
    "modules": {
      "kind": "versioned",
      "version": "0.10.0"
    },
    "ecmascript-runtime": {
      "kind": "versioned",
      "version": "0.4.1"
    },
    "babel-runtime": {
      "kind": "versioned",
      "version": "1.0.1"
    },
    "promise": {
      "kind": "versioned",
      "version": "0.9.0"
    },
    "templating-runtime": {
      "kind": "versioned",
      "version": "1.3.2"
    },
    "templating-compiler": {
      "kind": "versioned",
      "version": "1.3.2"
    },
    "ecmascript-runtime-server": {
      "kind": "versioned",
      "version": "0.4.1"
    },
    "session": {
      "kind": "versioned",
      "version": "1.1.7"
    }
  },
  "includeCordovaUnibuild": false
}