{
  "format": "isopack-2-unibuild",
  "declaredExports": [],
  "uses": [
    {
      "package": "meteor"
    },
    {
      "package": "ecmascript",
      "constraint": "0.8.2"
    },
    {
      "package": "templating"
    },
    {
      "package": "risul:dropzone",
      "constraint": "4.2.0"
    }
  ],
  "resources": [
    {
      "type": "source",
      "extension": "js",
      "file": "os/gif-builder.js",
      "length": 735,
      "offset": 0,
      "path": "gif-builder.js",
      "hash": "2e09fa6d9cec8c0a0a05a07a961f38295f667312",
      "fileOptions": {
        "mainModule": true
      }
    },
    {
      "type": "source",
      "extension": "js",
      "file": "os/gif-builder-template.js",
      "length": 1508,
      "offset": 0,
      "path": "gif-builder-template.js",
      "hash": "5c461be4b7515254e6ed3fd9cd07c75cae0be1ed",
      "fileOptions": {
        "lazy": true
      }
    },
    {
      "type": "source",
      "extension": "js",
      "file": "os/gif-builder-tests.js",
      "length": 47371,
      "offset": 0,
      "path": "gif-builder-tests.js",
      "hash": "9e129be7db4775b7e084ce7c24e5da0de76b9a00",
      "fileOptions": {
        "lazy": true
      }
    }
  ]
}