{"lastInput":{"dependencies":["meteor-base","mobile-experience","mongo","blaze-html-templates","reactive-var","tracker","standard-minifier-css","standard-minifier-js","es5-shim","ecmascript","shell-server","autopublish","insecure","bmcdonald:gif-builder","chfritz:filedrop","risul:dropzone","tomi:upload-server","session"],"constraints":["meteor-base@1.1.0","mobile-experience@1.0.4","mongo@1.2.0","blaze-html-templates@1.0.4","reactive-var@1.0.11","tracker@1.1.3","standard-minifier-css@1.3.4","standard-minifier-js@2.1.1","es5-shim@4.6.15","ecmascript@0.8.2","shell-server@0.2.4","autopublish@1.0.7","insecure@1.0.7","bmcdonald:gif-builder","chfritz:filedrop","risul:dropzone","tomi:upload-server","session","bmcdonald:gif-builder@=0.0.1","local-test:bmcdonald:gif-builder@=0.0.1","accounts-base@~1.3.2","accounts-facebook@~1.2.1","accounts-github@~1.3.0","accounts-google@~1.2.0","accounts-meetup@~1.3.0","accounts-meteor-developer@~1.3.0","accounts-oauth@~1.1.15","accounts-password@~1.4.0","accounts-twitter@~1.3.0","accounts-ui-unstyled@~1.2.1","accounts-ui@~1.1.9","accounts-weibo@~1.2.0","allow-deny@~1.0.6","appcache@~1.0.12","audit-argument-checks@~1.0.7","autopublish@~1.0.7","autoupdate@~1.3.12","babel-compiler@~6.20.0","babel-runtime@~1.0.1","base64@~1.0.10","binary-heap@~1.0.10","boilerplate-generator-tests@~1.0.0","boilerplate-generator@~1.2.0","browser-policy-common@~1.0.11","browser-policy-content@~1.1.0","browser-policy-framing@~1.1.0","browser-policy@~1.1.0","caching-compiler@~1.1.9","callback-hook@~1.0.10","check@~1.2.5","constraint-solver@~1.1.1","crosswalk@~1.7.1","ddp-client@~2.1.0","ddp-common@~1.2.9","ddp-rate-limiter@~1.0.7","ddp-server@~2.0.0","ddp@~1.3.0","deps@~1.0.12","diff-sequence@~1.0.7","disable-oplog@~1.0.7","dynamic-import@~0.1.1","ecmascript-runtime-client@~0.4.3","ecmascript-runtime-server@~0.4.1","ecmascript-runtime@~0.4.1","ecmascript@~0.8.2","ejson@~1.0.14","email@~1.2.3","es5-shim@~4.6.15","facebook-config-ui@~1.0.0","facebook-oauth@~1.3.2","facts@~1.0.9","fastclick@~1.0.13","force-ssl-common@~1.0.14","force-ssl@~1.0.14","geojson-utils@~1.0.10","github-config-ui@~1.0.0","github-oauth@~1.2.0","google-config-ui@~1.0.0","google-oauth@~1.2.4","hot-code-push@~1.0.4","http@~1.2.12","id-map@~1.0.9","insecure@~1.0.7","jquery@~1.11.10","jshint@~1.1.7","jsparse@~1.0.10","launch-screen@~1.1.1","less@~2.7.9","livedata@~1.0.18","localstorage@~1.1.1","logging@~1.1.17","logic-solver@~2.0.7","markdown@~1.0.12","meetup-config-ui@~1.0.0","meetup-oauth@~1.0.1","meteor-base@~1.1.0","meteor-developer-config-ui@~1.0.0","meteor-developer-oauth@~1.2.0","meteor@~1.7.1","meyerweb-reset@~1.0.7","minifier-css@~1.2.16","minifier-js@~2.1.2","minimongo@~1.3.0","mobile-experience@~1.0.4","mobile-status-bar@~1.0.14","modules-runtime@~0.8.0","modules@~0.10.0","mongo-dev-server@~1.0.1","mongo-id@~1.0.6","mongo-livedata@~1.0.12","mongo@~1.2.0","npm-bcrypt@~0.9.3","npm-mongo@~2.2.30","oauth-encryption@~1.2.1","oauth@~1.1.13","oauth1@~1.1.11","oauth2@~1.1.11","observe-sequence@~1.0.16","ordered-dict@~1.0.9","package-stats-opt-out@~1.0.7","package-version-parser@~3.0.10","promise@~0.9.0","random@~1.0.10","rate-limit@~1.0.8","reactive-dict@~1.1.9","reactive-var@~1.0.11","reload-safetybelt@~1.0.12","reload@~1.1.11","retry@~1.0.9","routepolicy@~1.0.12","server-render@~0.1.0","service-configuration@~1.0.11","session@~1.1.7","sha@~1.0.9","shell-server@~0.2.4","showdown@~1.0.8","srp@~1.0.10","standard-minifier-css@~1.3.4","standard-minifier-js@~2.1.1","standard-minifiers@~1.1.0","stylus@~2.513.9","test-helpers@~1.0.11","test-in-browser@~1.0.14","test-in-console@~1.0.15","test-server-tests-in-console-once@~1.0.11","tinytest-harness@~0.0.4","tinytest@~1.0.12","tracker@~1.1.3","twitter-config-ui@~1.0.0","twitter-oauth@~1.2.0","underscore-tests@~1.0.8","underscore@~1.0.10","url@~1.1.0","webapp-hashing@~1.0.9","webapp@~1.3.18","weibo-config-ui@~1.0.0","weibo-oauth@~1.2.0","xmlbuilder@~2.5.15"],"previousSolution":{"allow-deny":"1.0.6","autopublish":"1.0.7","autoupdate":"1.3.12","babel-compiler":"6.20.0","babel-runtime":"1.0.1","base64":"1.0.10","binary-heap":"1.0.10","blaze":"2.3.2","blaze-html-templates":"1.1.2","blaze-tools":"1.0.10","bmcdonald:gif-builder":"0.0.1","boilerplate-generator":"1.2.0","caching-compiler":"1.1.9","caching-html-compiler":"1.1.2","callback-hook":"1.0.10","check":"1.2.5","chfritz:filedrop":"0.0.5","ddp":"1.3.0","ddp-client":"2.1.0","ddp-common":"1.2.9","ddp-server":"2.0.0","deps":"1.0.12","diff-sequence":"1.0.7","dynamic-import":"0.1.1","ecmascript":"0.8.2","ecmascript-runtime":"0.4.1","ecmascript-runtime-client":"0.4.3","ecmascript-runtime-server":"0.4.1","ejson":"1.0.14","es5-shim":"4.6.15","fastclick":"1.0.13","geojson-utils":"1.0.10","hot-code-push":"1.0.4","html-tools":"1.0.11","htmljs":"1.0.11","http":"1.2.12","id-map":"1.0.9","insecure":"1.0.7","jquery":"1.11.10","launch-screen":"1.1.1","livedata":"1.0.18","logging":"1.1.17","meteor":"1.7.1","meteor-base":"1.1.0","minifier-css":"1.2.16","minifier-js":"2.1.2","minimongo":"1.3.0","mobile-experience":"1.0.4","mobile-status-bar":"1.0.14","modules":"0.10.0","modules-runtime":"0.8.0","mongo":"1.2.0","mongo-dev-server":"1.0.1","mongo-id":"1.0.6","npm-mongo":"2.2.30","observe-sequence":"1.0.16","ordered-dict":"1.0.9","promise":"0.9.0","random":"1.0.10","reactive-dict":"1.1.9","reactive-var":"1.0.11","reload":"1.1.11","retry":"1.0.9","risul:dropzone":"4.2.0","routepolicy":"1.0.12","session":"1.1.7","shell-server":"0.2.4","spacebars":"1.0.15","spacebars-compiler":"1.1.3","standard-minifier-css":"1.3.4","standard-minifier-js":"2.1.1","templating":"1.3.2","templating-compiler":"1.3.2","templating-runtime":"1.3.2","templating-tools":"1.1.2","tomi:upload-server":"1.3.4_3","tracker":"1.1.3","ui":"1.0.13","underscore":"1.0.10","url":"1.1.0","webapp":"1.3.18","webapp-hashing":"1.0.9"}},"lastOutput":{"neededToUseUnanticipatedPrereleases":false,"answer":{"allow-deny":"1.0.6","autopublish":"1.0.7","autoupdate":"1.3.12","babel-compiler":"6.20.0","babel-runtime":"1.0.1","base64":"1.0.10","binary-heap":"1.0.10","blaze":"2.3.2","blaze-html-templates":"1.1.2","blaze-tools":"1.0.10","bmcdonald:gif-builder":"0.0.1","boilerplate-generator":"1.2.0","caching-compiler":"1.1.9","caching-html-compiler":"1.1.2","callback-hook":"1.0.10","check":"1.2.5","chfritz:filedrop":"0.0.5","ddp":"1.3.0","ddp-client":"2.1.0","ddp-common":"1.2.9","ddp-server":"2.0.0","deps":"1.0.12","diff-sequence":"1.0.7","dynamic-import":"0.1.1","ecmascript":"0.8.2","ecmascript-runtime":"0.4.1","ecmascript-runtime-client":"0.4.3","ecmascript-runtime-server":"0.4.1","ejson":"1.0.14","es5-shim":"4.6.15","fastclick":"1.0.13","geojson-utils":"1.0.10","hot-code-push":"1.0.4","html-tools":"1.0.11","htmljs":"1.0.11","http":"1.2.12","id-map":"1.0.9","insecure":"1.0.7","isobuild:compiler-plugin":"1.0.0","isobuild:dynamic-import":"1.5.0","isobuild:isopack-2":"1.0.0","isobuild:minifier-plugin":"1.0.0","jquery":"1.11.10","launch-screen":"1.1.1","livedata":"1.0.18","logging":"1.1.17","meteor":"1.7.1","meteor-base":"1.1.0","minifier-css":"1.2.16","minifier-js":"2.1.2","minimongo":"1.3.0","mobile-experience":"1.0.4","mobile-status-bar":"1.0.14","modules":"0.10.0","modules-runtime":"0.8.0","mongo":"1.2.0","mongo-dev-server":"1.0.1","mongo-id":"1.0.6","npm-mongo":"2.2.30","observe-sequence":"1.0.16","ordered-dict":"1.0.9","promise":"0.9.0","random":"1.0.10","reactive-dict":"1.1.9","reactive-var":"1.0.11","reload":"1.1.11","retry":"1.0.9","risul:dropzone":"4.2.0","routepolicy":"1.0.12","session":"1.1.7","shell-server":"0.2.4","spacebars":"1.0.15","spacebars-compiler":"1.1.3","standard-minifier-css":"1.3.4","standard-minifier-js":"2.1.1","templating":"1.3.2","templating-compiler":"1.3.2","templating-runtime":"1.3.2","templating-tools":"1.1.2","tomi:upload-server":"1.3.4_3","tracker":"1.1.3","ui":"1.0.13","underscore":"1.0.10","url":"1.1.0","webapp":"1.3.18","webapp-hashing":"1.0.9"}}}
