{"metadata":{"usedHelpers":[],"marked":[],"modules":{"imports":[{"source":"meteor/templating","imported":["Template"],"specifiers":[{"kind":"named","imported":"Template","local":"Template"}]},{"source":"meteor/reactive-var","imported":["ReactiveVar"],"specifiers":[{"kind":"named","imported":"ReactiveVar","local":"ReactiveVar"}]},{"source":"meteor/dragula","imported":["dragula"],"specifiers":[{"kind":"named","imported":"dragula","local":"dragula"}]},{"source":"./main.html","imported":[],"specifiers":[]}],"exports":{"exported":[],"specifiers":[]}}},"options":{"filename":"client/main.js","filenameRelative":"client/main.js","env":{"development":{"plugins":[]}},"retainLines":false,"highlightCode":true,"suppressDeprecationMessages":false,"presets":[],"plugins":[[[],{"generateLetDeclarations":true,"enforceStrictMode":false}],[[],null],[[],{"polyfill":false}],[[],null],[[],null],[[],null],[[],{"allowTopLevelThis":true,"strict":false,"loose":true}],[[],null],[[],null],[[],null],[[],null],[[],null],[[],null],[[],null],[[],null],[[],null],[[],null],[[],null],[[],null],[[],{"loose":true}],[[],{"loose":true}],[[],null],[[],{"loose":true}],[[],null],[[],null],[[],null],[[],null],[[],null],[[],null],[[],{"loose":true}],[[],null],[[],null],[[],null],[[],null],[[],null],[[],null],[[],null]],"ignore":[],"code":true,"metadata":true,"ast":true,"comments":true,"compact":false,"minified":false,"sourceMap":true,"sourceMaps":true,"sourceMapTarget":"client/main.js.map","sourceFileName":"client/main.js","babelrc":false,"sourceType":"module","moduleIds":false,"passPerPreset":false,"parserOpts":false,"generatorOpts":false,"basename":"main"},"ignored":false,"code":"var Template = void 0;\nmodule.watch(require(\"meteor/templating\"), {\n  Template: function (v) {\n    Template = v;\n  }\n}, 0);\nvar ReactiveVar = void 0;\nmodule.watch(require(\"meteor/reactive-var\"), {\n  ReactiveVar: function (v) {\n    ReactiveVar = v;\n  }\n}, 1);\nvar dragula = void 0;\nmodule.watch(require(\"meteor/dragula\"), {\n  dragula: function (v) {\n    dragula = v;\n  }\n}, 2);\nmodule.watch(require(\"./main.html\"));\nTemplate.dragpic.onCreated(function () {\n  function dragpicOnCreated() {\n    // counter starts at 0\n    console.log('drag pic');\n  }\n\n  return dragpicOnCreated;\n}());\nTemplate.dragpic.helpers({\n  dropHandlers: function () {\n    return {\n      onEnter: function (event) {\n        console.log(\"enter\", event);\n      },\n      onDrop: function (files) {\n        console.log(\"dropped\", files);\n      }\n    };\n  }\n});\nTemplate.dragList.onRendered(function () {\n  dragula([document.querySelector('#left1'), document.querySelector('#right1')]);\n});\nTemplate.hello.onCreated(function () {\n  function helloOnCreated() {\n    // counter starts at 0\n    this.counter = new ReactiveVar(0);\n    console.log('hello');\n  }\n\n  return helloOnCreated;\n}());\nTemplate.hello.helpers({\n  counter: function () {\n    return Template.instance().counter.get();\n  }\n});\nTemplate.hello.events({\n  'click button': function (event, instance) {\n    // increment the counter when button is clicked\n    instance.counter.set(instance.counter.get() + 1);\n  }\n});","map":{"version":3,"sources":["client/main.js"],"names":["Template","module","watch","require","v","ReactiveVar","dragula","dragpic","onCreated","dragpicOnCreated","console","log","helpers","dropHandlers","onEnter","event","onDrop","files","dragList","onRendered","document","querySelector","hello","helloOnCreated","counter","instance","get","events","set"],"mappings":"AAAA,IAAIA,iBAAJ;AAAaC,OAAOC,KAAP,CAAaC,QAAQ,mBAAR,CAAb,EAA0C;AAACH,UAAD,YAAUI,CAAV,EAAY;AAACJ,eAASI,CAAT;AAAW;AAAxB,CAA1C,EAAoE,CAApE;AAAuE,IAAIC,oBAAJ;AAAgBJ,OAAOC,KAAP,CAAaC,QAAQ,qBAAR,CAAb,EAA4C;AAACE,aAAD,YAAaD,CAAb,EAAe;AAACC,kBAAYD,CAAZ;AAAc;AAA9B,CAA5C,EAA4E,CAA5E;AAA+E,IAAIE,gBAAJ;AAAYL,OAAOC,KAAP,CAAaC,QAAQ,gBAAR,CAAb,EAAuC;AAACG,SAAD,YAASF,CAAT,EAAW;AAACE,cAAQF,CAAR;AAAU;AAAtB,CAAvC,EAA+D,CAA/D;AAAkEH,OAAOC,KAAP,CAAaC,QAAQ,aAAR,CAAb;AAMjQH,SAASO,OAAT,CAAiBC,SAAjB;AAA2B,WAASC,gBAAT,GAA4B;AACrD;AACAC,YAAQC,GAAR,CAAY,UAAZ;AACD;;AAHD,SAAoCF,gBAApC;AAAA;AAKAT,SAASO,OAAT,CAAiBK,OAAjB,CAAyB;AACvBC,gBAAc,YAAW;AACrB,WAAO;AACHC,eAAS,UAASC,KAAT,EAAgB;AACrBL,gBAAQC,GAAR,CAAY,OAAZ,EAAqBI,KAArB;AACH,OAHE;AAIHC,cAAQ,UAASC,KAAT,EAAgB;AACpBP,gBAAQC,GAAR,CAAY,SAAZ,EAAuBM,KAAvB;AACH;AANE,KAAP;AAQH;AAVsB,CAAzB;AAaAjB,SAASkB,QAAT,CAAkBC,UAAlB,CAA6B,YAAU;AACrCb,UAAQ,CAACc,SAASC,aAAT,CAAuB,QAAvB,CAAD,EAAmCD,SAASC,aAAT,CAAuB,SAAvB,CAAnC,CAAR;AACD,CAFD;AAIArB,SAASsB,KAAT,CAAed,SAAf;AAAyB,WAASe,cAAT,GAA0B;AACjD;AACA,SAAKC,OAAL,GAAe,IAAInB,WAAJ,CAAgB,CAAhB,CAAf;AACAK,YAAQC,GAAR,CAAY,OAAZ;AACD;;AAJD,SAAkCY,cAAlC;AAAA;AAMAvB,SAASsB,KAAT,CAAeV,OAAf,CAAuB;AACrBY,SADqB,cACX;AACR,WAAOxB,SAASyB,QAAT,GAAoBD,OAApB,CAA4BE,GAA5B,EAAP;AACD;AAHoB,CAAvB;AAMA1B,SAASsB,KAAT,CAAeK,MAAf,CAAsB;AACpB,gBADoB,YACLZ,KADK,EACEU,QADF,EACY;AAC9B;AACAA,aAASD,OAAT,CAAiBI,GAAjB,CAAqBH,SAASD,OAAT,CAAiBE,GAAjB,KAAyB,CAA9C;AACD;AAJmB,CAAtB","file":"client/main.js.map","sourcesContent":["import { Template } from 'meteor/templating';\nimport { ReactiveVar } from 'meteor/reactive-var';\nimport { dragula } from 'meteor/dragula';\n\nimport './main.html';\n\nTemplate.dragpic.onCreated(function dragpicOnCreated() {\n  // counter starts at 0\n  console.log('drag pic');\n});\n\nTemplate.dragpic.helpers({\n  dropHandlers: function() {\n      return {\n          onEnter: function(event) {\n              console.log(\"enter\", event);\n          },\n          onDrop: function(files) {\n              console.log(\"dropped\", files);\n          }\n      };\n  },\n});\n\nTemplate.dragList.onRendered(function(){\n  dragula([document.querySelector('#left1'), document.querySelector('#right1')]);\n});\n\nTemplate.hello.onCreated(function helloOnCreated() {\n  // counter starts at 0\n  this.counter = new ReactiveVar(0);\n  console.log('hello');\n});\n\nTemplate.hello.helpers({\n  counter() {\n    return Template.instance().counter.get();\n  },\n});\n\nTemplate.hello.events({\n  'click button'(event, instance) {\n    // increment the counter when button is clicked\n    instance.counter.set(instance.counter.get() + 1);\n  },\n});\n"]},"hash":"05c2edee6c402c0156f50067de5cc0b44be4f723"}
