{"metadata":{"usedHelpers":[],"marked":[],"modules":{"imports":[{"source":"meteor/tinytest","imported":["Tinytest"],"specifiers":[{"kind":"named","imported":"Tinytest","local":"Tinytest"}]},{"source":"meteor/bmcdonald:gif-builder","imported":["gifBuilder"],"specifiers":[{"kind":"named","imported":"gifBuilder","local":"packageName"}]}],"exports":{"exported":[],"specifiers":[]}}},"options":{"filename":"packages/bmcdonald:gif-builder/gif-builder-tests.js","filenameRelative":"packages/bmcdonald:gif-builder/gif-builder-tests.js","env":{"development":{"plugins":[]}},"retainLines":false,"highlightCode":true,"suppressDeprecationMessages":false,"presets":[],"plugins":[[[],{"generateLetDeclarations":true,"enforceStrictMode":false}],[[],null],[[],{"polyfill":false}],[[],null],[[],null],[[],null],[[],{"allowTopLevelThis":true,"strict":false,"loose":true}],[[],null],[[],null],[[],null],[[],null],[[],null],[[],null],[[],null],[[],null],[[],null],[[],null],[[],null],[[],null],[[],{"loose":true}],[[],{"loose":true}],[[],null],[[],{"loose":true}],[[],null],[[],null],[[],null],[[],null],[[],null],[[],null],[[],{"loose":true}],[[],null],[[],null],[[],null],[[],null],[[],null],[[],null],[[],null]],"ignore":[],"code":true,"metadata":true,"ast":true,"comments":true,"compact":false,"minified":false,"sourceMap":true,"sourceMaps":true,"sourceMapTarget":"packages/bmcdonald:gif-builder/gif-builder-tests.js.map","sourceFileName":"packages/bmcdonald:gif-builder/gif-builder-tests.js","babelrc":false,"sourceType":"module","moduleIds":false,"passPerPreset":false,"parserOpts":false,"generatorOpts":false,"basename":"gif-builder-tests"},"ignored":false,"code":"var Tinytest = void 0;\nmodule.watch(require(\"meteor/tinytest\"), {\n  Tinytest: function (v) {\n    Tinytest = v;\n  }\n}, 0);\nvar packageName = void 0;\nmodule.watch(require(\"meteor/bmcdonald:gif-builder\"), {\n  gifBuilder: function (v) {\n    packageName = v;\n  }\n}, 1);\n//test getting image as base64\nTinytest.add('gif-builder - get base64 Image', function (test) {\n  debugger;\n  test.equal(packageName, \"gif-builder\");\n}); //test building gif\n\nTinytest.add('gif-builder - build gif', function (test) {\n  debugger;\n  test.equal(packageName, \"gif-builder\");\n});","map":{"version":3,"sources":["packages/bmcdonald:gif-builder/gif-builder-tests.js"],"names":["Tinytest","module","watch","require","v","packageName","gifBuilder","add","test","equal"],"mappings":"AAAA,IAAIA,iBAAJ;AAAaC,OAAOC,KAAP,CAAaC,QAAQ,iBAAR,CAAb,EAAwC;AAACH,UAAD,YAAUI,CAAV,EAAY;AAACJ,eAASI,CAAT;AAAW;AAAxB,CAAxC,EAAkE,CAAlE;AAAqE,IAAIC,oBAAJ;AAAgBJ,OAAOC,KAAP,CAAaC,QAAQ,8BAAR,CAAb,EAAqD;AAACG,YAAD,YAAYF,CAAZ,EAAc;AAACC,kBAAYD,CAAZ;AAAc;AAA7B,CAArD,EAAoF,CAApF;AAMlG;AACAJ,SAASO,GAAT,CAAa,gCAAb,EAA+C,UAAUC,IAAV,EAAgB;AAC7D;AACAA,OAAKC,KAAL,CAAWJ,WAAX,EAAwB,aAAxB;AACD,CAHD,E,CAKA;;AACAL,SAASO,GAAT,CAAa,yBAAb,EAAwC,UAAUC,IAAV,EAAgB;AACtD;AACAA,OAAKC,KAAL,CAAWJ,WAAX,EAAwB,aAAxB;AACD,CAHD","file":"packages/bmcdonald:gif-builder/gif-builder-tests.js.map","sourcesContent":["// Import Tinytest from the tinytest Meteor package.\nimport { Tinytest } from \"meteor/tinytest\";\n\n// Import and rename a variable exported by gif-builder.js.\nimport { gifBuilder as packageName } from \"meteor/bmcdonald:gif-builder\";\n\n//test getting image as base64\nTinytest.add('gif-builder - get base64 Image', function (test) {\n  debugger;\n  test.equal(packageName, \"gif-builder\");\n});\n\n//test building gif\nTinytest.add('gif-builder - build gif', function (test) {\n  debugger;\n  test.equal(packageName, \"gif-builder\");\n});\n\n"]},"hash":"0b4ca29e6484dd426a42a8f4e8a939221f6b4e51"}
