{"metadata":{"usedHelpers":[],"marked":[],"modules":{"imports":[],"exports":{"exported":[],"specifiers":[]}}},"options":{"filename":"packages/chfritz:filedrop/filedrop.js","filenameRelative":"packages/chfritz:filedrop/filedrop.js","env":{"development":{"plugins":[]}},"retainLines":false,"highlightCode":true,"suppressDeprecationMessages":false,"presets":[],"plugins":[[[],{"generateLetDeclarations":true,"enforceStrictMode":false}],[[],null],[[],{"polyfill":false}],[[],null],[[],null],[[],null],[[],{"allowTopLevelThis":true,"strict":false,"loose":true}],[[],null],[[],null],[[],null],[[],null],[[],null],[[],null],[[],null],[[],null],[[],null],[[],null],[[],null],[[],null],[[],{"loose":true}],[[],{"loose":true}],[[],null],[[],{"loose":true}],[[],null],[[],null],[[],null],[[],null],[[],null],[[],null],[[],{"loose":true}],[[],null],[[],null],[[],null],[[],null],[[],null],[[],null],[[],null]],"ignore":[],"code":true,"metadata":true,"ast":true,"comments":true,"compact":false,"minified":false,"sourceMap":true,"sourceMaps":true,"sourceMapTarget":"packages/chfritz:filedrop/filedrop.js.map","sourceFileName":"packages/chfritz:filedrop/filedrop.js","babelrc":false,"sourceType":"module","moduleIds":false,"passPerPreset":false,"parserOpts":false,"generatorOpts":false,"basename":"filedrop"},"ignored":false,"code":"Template.filedrop.onCreated(function () {\n    /* reactive var for state:\n       null: no file anywhere in sight\n       window: file is being dragged over window\n       over: file is held over the drop zone\n    */this.state = new ReactiveVar(null);\n});\nTemplate.filedrop.helpers({\n    'all': function () {\n        // We need to manualy hand our desired helpers down to our children.\n        // A usual, we are giving \"all\" to our children :-) (see template)\n        return _.extend(Template.instance(), _.extend(Template.instance().data, {\n            'filedrop_over': function () {\n                return this.state && this.state.get() == 'over';\n            },\n            'filedrop_window': function () {\n                return this.state && this.state.get() == 'window';\n            },\n            state: Template.instance().state\n        }));\n    }\n});\nTemplate.filedrop.onRendered(function () {\n    var conf = this.data;\n    var self = this;\n    var dropContainer = this.$('>');\n    var domNode = dropContainer.get(0);\n    window.addEventListener(\"dragenter\", function (event) {\n        self.state.set('window');\n        return false;\n    }, false);\n    document.addEventListener(\"mouseout\", function (event) {\n        self.state.set(null);\n        event.stopPropagation();\n        event.preventDefault();\n        return false;\n    }, false);\n    domNode.addEventListener(\"dragenter\", function (event) {\n        conf.onEnter && conf.onEnter(event);\n        self.state.set('over');\n    }, false);\n    domNode.addEventListener(\"dragover\", function (event) {\n        // self is important!\n        event.stopPropagation();\n        event.preventDefault();\n        self.state.set('over');\n        return false;\n    }, false);\n    domNode.addEventListener(\"dragexit\", function (event) {\n        conf.onExit && conf.onExit(event);\n        self.state.set('window');\n        event.stopPropagation();\n        event.preventDefault();\n        return false;\n    }, false);\n    domNode.addEventListener(\"drop\", function (event) {\n        event.stopPropagation();\n        event.preventDefault();\n        conf.onDrop && conf.onDrop(event.dataTransfer.files);\n        self.state.set(null);\n        return false;\n    }, false);\n});","map":{"version":3,"sources":["packages/chfritz:filedrop/filedrop.js"],"names":["Template","filedrop","onCreated","state","ReactiveVar","helpers","_","extend","instance","data","get","onRendered","conf","self","dropContainer","$","domNode","window","addEventListener","event","set","document","stopPropagation","preventDefault","onEnter","onExit","onDrop","dataTransfer","files"],"mappings":"AACAA,SAASC,QAAT,CAAkBC,SAAlB,CAA4B,YAAW;AACnC;;;;MAKA,KAAKC,KAAL,GAAa,IAAIC,WAAJ,CAAgB,IAAhB,CAAb;AACH,CAPD;AASAJ,SAASC,QAAT,CAAkBI,OAAlB,CAA0B;AACtB,WAAO,YAAW;AACd;AACA;AACA,eAAOC,EAAEC,MAAF,CAASP,SAASQ,QAAT,EAAT,EAA8BF,EAAEC,MAAF,CAASP,SAASQ,QAAT,GAAoBC,IAA7B,EAAmC;AACpE,6BAAiB,YAAW;AACxB,uBAAQ,KAAKN,KAAL,IAAc,KAAKA,KAAL,CAAWO,GAAX,MAAoB,MAA1C;AACH,aAHmE;AAIpE,+BAAmB,YAAW;AAC1B,uBAAQ,KAAKP,KAAL,IAAc,KAAKA,KAAL,CAAWO,GAAX,MAAoB,QAA1C;AACH,aANmE;AAOpEP,mBAAOH,SAASQ,QAAT,GAAoBL;AAPyC,SAAnC,CAA9B,CAAP;AASH;AAbqB,CAA1B;AAgBAH,SAASC,QAAT,CAAkBU,UAAlB,CAA6B,YAAW;AAEpC,QAAIC,OAAO,KAAKH,IAAhB;AACA,QAAII,OAAO,IAAX;AACA,QAAIC,gBAAgB,KAAKC,CAAL,CAAO,GAAP,CAApB;AACA,QAAIC,UAAUF,cAAcJ,GAAd,CAAkB,CAAlB,CAAd;AAEAO,WAAOC,gBAAP,CAAwB,WAAxB,EAAqC,UAASC,KAAT,EAAe;AAChDN,aAAKV,KAAL,CAAWiB,GAAX,CAAe,QAAf;AACA,eAAO,KAAP;AACH,KAHD,EAGG,KAHH;AAKAC,aAASH,gBAAT,CAA0B,UAA1B,EAAsC,UAASC,KAAT,EAAe;AACjDN,aAAKV,KAAL,CAAWiB,GAAX,CAAe,IAAf;AACAD,cAAMG,eAAN;AACAH,cAAMI,cAAN;AACA,eAAO,KAAP;AACH,KALD,EAKG,KALH;AAOAP,YAAQE,gBAAR,CAAyB,WAAzB,EAAsC,UAASC,KAAT,EAAe;AACjDP,aAAKY,OAAL,IAAgBZ,KAAKY,OAAL,CAAaL,KAAb,CAAhB;AACAN,aAAKV,KAAL,CAAWiB,GAAX,CAAe,MAAf;AACH,KAHD,EAGG,KAHH;AAKAJ,YAAQE,gBAAR,CAAyB,UAAzB,EAAqC,UAASC,KAAT,EAAe;AAChD;AACAA,cAAMG,eAAN;AACAH,cAAMI,cAAN;AACAV,aAAKV,KAAL,CAAWiB,GAAX,CAAe,MAAf;AACA,eAAO,KAAP;AACH,KAND,EAMG,KANH;AAQAJ,YAAQE,gBAAR,CAAyB,UAAzB,EAAqC,UAASC,KAAT,EAAe;AAChDP,aAAKa,MAAL,IAAeb,KAAKa,MAAL,CAAYN,KAAZ,CAAf;AACAN,aAAKV,KAAL,CAAWiB,GAAX,CAAe,QAAf;AACAD,cAAMG,eAAN;AACAH,cAAMI,cAAN;AACA,eAAO,KAAP;AACH,KAND,EAMG,KANH;AAQAP,YAAQE,gBAAR,CAAyB,MAAzB,EAAiC,UAASC,KAAT,EAAe;AAC5CA,cAAMG,eAAN;AACAH,cAAMI,cAAN;AACAX,aAAKc,MAAL,IAAed,KAAKc,MAAL,CAAYP,MAAMQ,YAAN,CAAmBC,KAA/B,CAAf;AACAf,aAAKV,KAAL,CAAWiB,GAAX,CAAe,IAAf;AACA,eAAO,KAAP;AACH,KAND,EAMG,KANH;AAOH,CA/CD","file":"packages/chfritz:filedrop/filedrop.js.map","sourcesContent":["\nTemplate.filedrop.onCreated(function() {\n    /* reactive var for state:\n       null: no file anywhere in sight\n       window: file is being dragged over window\n       over: file is held over the drop zone\n    */\n    this.state = new ReactiveVar(null);\n});\n\nTemplate.filedrop.helpers({\n    'all': function() {\n        // We need to manualy hand our desired helpers down to our children.\n        // A usual, we are giving \"all\" to our children :-) (see template)\n        return _.extend(Template.instance(), _.extend(Template.instance().data, {\n            'filedrop_over': function() {\n                return (this.state && this.state.get() == 'over');    \n            },\n            'filedrop_window': function() {\n                return (this.state && this.state.get() == 'window');    \n            },\n            state: Template.instance().state\n        }) );\n    }\n});\n\nTemplate.filedrop.onRendered(function() {\n\n    var conf = this.data;\n    var self = this;\n    var dropContainer = this.$('>');\n    var domNode = dropContainer.get(0);\n\n    window.addEventListener(\"dragenter\", function(event){\n        self.state.set('window');\n        return false;\n    }, false);\n\n    document.addEventListener(\"mouseout\", function(event){\n        self.state.set(null);\n        event.stopPropagation();\n        event.preventDefault();\n        return false;\n    }, false);\n\n    domNode.addEventListener(\"dragenter\", function(event){\n        conf.onEnter && conf.onEnter(event);\n        self.state.set('over');\n    }, false);\n\n    domNode.addEventListener(\"dragover\", function(event){\n        // self is important!\n        event.stopPropagation();\n        event.preventDefault();\n        self.state.set('over');\n        return false;\n    }, false);\n\n    domNode.addEventListener(\"dragexit\", function(event){\n        conf.onExit && conf.onExit(event);\n        self.state.set('window');\n        event.stopPropagation();\n        event.preventDefault();\n        return false;\n    }, false);\n\n    domNode.addEventListener(\"drop\", function(event){\n        event.stopPropagation();\n        event.preventDefault();\n        conf.onDrop && conf.onDrop(event.dataTransfer.files);\n        self.state.set(null);\n        return false;          \n    }, false);\n});\n"]},"hash":"10fa3eb72d093737a4360ad1d85f4fd6c8e23d66"}
