{"metadata":{"usedHelpers":[],"marked":[],"modules":{"imports":[{"source":"meteor/templating","imported":["Template"],"specifiers":[{"kind":"named","imported":"Template","local":"Template"}]},{"source":"meteor/reactive-var","imported":["ReactiveVar"],"specifiers":[{"kind":"named","imported":"ReactiveVar","local":"ReactiveVar"}]},{"source":"meteor/session","imported":["Session"],"specifiers":[{"kind":"named","imported":"Session","local":"Session"}]},{"source":"./main.html","imported":[],"specifiers":[]}],"exports":{"exported":[],"specifiers":[]}}},"options":{"filename":"client/main.js","filenameRelative":"client/main.js","env":{"development":{"plugins":[]}},"retainLines":false,"highlightCode":true,"suppressDeprecationMessages":false,"presets":[],"plugins":[[[],{"generateLetDeclarations":true,"enforceStrictMode":false}],[[],null],[[],{"polyfill":false}],[[],null],[[],null],[[],null],[[],{"allowTopLevelThis":true,"strict":false,"loose":true}],[[],null],[[],null],[[],null],[[],null],[[],null],[[],null],[[],null],[[],null],[[],null],[[],null],[[],null],[[],null],[[],{"loose":true}],[[],{"loose":true}],[[],null],[[],{"loose":true}],[[],null],[[],null],[[],null],[[],null],[[],null],[[],null],[[],{"loose":true}],[[],null],[[],null],[[],null],[[],null],[[],null],[[],null],[[],null]],"ignore":[],"code":true,"metadata":true,"ast":true,"comments":true,"compact":false,"minified":false,"sourceMap":true,"sourceMaps":true,"sourceMapTarget":"client/main.js.map","sourceFileName":"client/main.js","babelrc":false,"sourceType":"module","moduleIds":false,"passPerPreset":false,"parserOpts":false,"generatorOpts":false,"basename":"main"},"ignored":false,"code":"var Template = void 0;\nmodule.watch(require(\"meteor/templating\"), {\n  Template: function (v) {\n    Template = v;\n  }\n}, 0);\nvar ReactiveVar = void 0;\nmodule.watch(require(\"meteor/reactive-var\"), {\n  ReactiveVar: function (v) {\n    ReactiveVar = v;\n  }\n}, 1);\nvar Session = void 0;\nmodule.watch(require(\"meteor/session\"), {\n  Session: function (v) {\n    Session = v;\n  }\n}, 2);\nmodule.watch(require(\"./main.html\"));\nSession.set('gifImage', null);\nTemplate.dragdrop.onRendered(function () {\n  var myDropzone = new Dropzone(\"div#dropZone\", {\n    url: \"/uploads~\",\n    uploadMultiple: true,\n    addRemoveLinks: true,\n    autoDiscovery: false,\n    maxFiles: 5\n  });\n  ;\n  myDropzone.on(\"queuecomplete\", function () {\n    var actions = myDropzone.files.map(fn);\n    var results = Promise.all(actions);\n    results.then(function (images) {\n      return gifshot.createGIF({\n        images: images,\n        interval: .8\n      }, function (obj) {\n        if (!obj.error) {\n          Session.set('gifImage', obj.image);\n        }\n      });\n    });\n  });\n});\nTemplate.gif.helpers({\n  gifImage: function () {\n    return Session.get('gifImage');\n  }\n});\n\nvar fn = function () {\n  function pFileReader(file) {\n    return new Promise(function (resolve, reject) {\n      var fr = new FileReader();\n\n      fr.onload = function () {\n        resolve(this.result);\n      };\n\n      fr.readAsDataURL(file);\n    });\n  }\n\n  return pFileReader;\n}();","map":{"version":3,"sources":["client/main.js"],"names":["Template","module","watch","require","v","ReactiveVar","Session","set","dragdrop","onRendered","myDropzone","Dropzone","url","uploadMultiple","addRemoveLinks","autoDiscovery","maxFiles","on","actions","files","map","fn","results","Promise","all","then","gifshot","createGIF","images","interval","obj","error","image","gif","helpers","gifImage","get","pFileReader","file","resolve","reject","fr","FileReader","onload","result","readAsDataURL"],"mappings":"AAAA,IAAIA,iBAAJ;AAAaC,OAAOC,KAAP,CAAaC,QAAQ,mBAAR,CAAb,EAA0C;AAACH,UAAD,YAAUI,CAAV,EAAY;AAACJ,eAASI,CAAT;AAAW;AAAxB,CAA1C,EAAoE,CAApE;AAAuE,IAAIC,oBAAJ;AAAgBJ,OAAOC,KAAP,CAAaC,QAAQ,qBAAR,CAAb,EAA4C;AAACE,aAAD,YAAaD,CAAb,EAAe;AAACC,kBAAYD,CAAZ;AAAc;AAA9B,CAA5C,EAA4E,CAA5E;AAA+E,IAAIE,gBAAJ;AAAYL,OAAOC,KAAP,CAAaC,QAAQ,gBAAR,CAAb,EAAuC;AAACG,SAAD,YAASF,CAAT,EAAW;AAACE,cAAQF,CAAR;AAAU;AAAtB,CAAvC,EAA+D,CAA/D;AAAkEH,OAAOC,KAAP,CAAaC,QAAQ,aAAR,CAAb;AAMjQG,QAAQC,GAAR,CAAY,UAAZ,EAAuB,IAAvB;AAEAP,SAASQ,QAAT,CAAkBC,UAAlB,CAA6B,YAAU;AACrC,MAAIC,aAAa,IAAIC,QAAJ,CAAa,cAAb,EAA6B;AAAEC,SAAK,WAAP;AAAoBC,oBAAe,IAAnC;AAA2CC,oBAAe,IAA1D;AAAgEC,mBAAc,KAA9E;AAAqFC,cAAS;AAA9F,GAA7B,CAAjB;AAAgJ;AAEhJN,aAAWO,EAAX,CAAc,eAAd,EAA+B,YAAW;AAExC,QAAIC,UAAUR,WAAWS,KAAX,CAAiBC,GAAjB,CAAqBC,EAArB,CAAd;AACA,QAAIC,UAAUC,QAAQC,GAAR,CAAYN,OAAZ,CAAd;AAEAI,YAAQG,IAAR,CAAa;AAAA,aACTC,QAAQC,SAAR,CAAkB;AAClBC,gBAAQA,MADU;AAElBC,kBAAS;AAFS,OAAlB,EAGA,UAASC,GAAT,EAAc;AACV,YAAG,CAACA,IAAIC,KAAR,EAAe;AACbzB,kBAAQC,GAAR,CAAY,UAAZ,EAAuBuB,IAAIE,KAA3B;AACD;AACF,OAPH,CADS;AAAA,KAAb;AAUD,GAfD;AAgBA,CAnBF;AAqBAhC,SAASiC,GAAT,CAAaC,OAAb,CAAqB;AACnBC,YAAU,YAAW;AACnB,WAAO7B,QAAQ8B,GAAR,CAAY,UAAZ,CAAP;AACD;AAHkB,CAArB;;AAMA,IAAIf;AAAK,WAASgB,WAAT,CAAqBC,IAArB,EAA0B;AACjC,WAAO,IAAIf,OAAJ,CAAY,UAACgB,OAAD,EAAUC,MAAV,EAAqB;AACtC,UAAIC,KAAK,IAAIC,UAAJ,EAAT;;AACAD,SAAGE,MAAH,GAAY,YAAU;AACpBJ,gBAAQ,KAAKK,MAAb;AACD,OAFD;;AAGAH,SAAGI,aAAH,CAAiBP,IAAjB;AACD,KANM,CAAP;AAOD;;AARG,SAAcD,WAAd;AAAA,GAAJ","file":"client/main.js.map","sourcesContent":["import { Template } from 'meteor/templating';\nimport { ReactiveVar } from 'meteor/reactive-var';\nimport { Session } from 'meteor/session';\n\nimport './main.html';\n\nSession.set('gifImage',null);\n\nTemplate.dragdrop.onRendered(function(){ \n  var myDropzone = new Dropzone(\"div#dropZone\", { url: \"/uploads~\", uploadMultiple:true,   addRemoveLinks:true, autoDiscovery:false, maxFiles:5});;\n\n  myDropzone.on(\"queuecomplete\", function() {\n\n    var actions = myDropzone.files.map(fn);\n    var results = Promise.all(actions);\n  \n    results.then(images => \n        gifshot.createGIF({\n        images: images,\n        interval:.8\n      },function(obj) {\n            if(!obj.error) {\n              Session.set('gifImage',obj.image);\n            }\n          })\n      );\n  });\n }) \n\nTemplate.gif.helpers({\n  gifImage: function() {\n    return Session.get('gifImage');\n  }\n})\n\nvar fn = function pFileReader(file){\n  return new Promise((resolve, reject) => {\n    var fr = new FileReader();  \n    fr.onload = function(){\n      resolve(this.result);\n    };\n    fr.readAsDataURL(file);\n  });\n}\n"]},"hash":"15b89bb1a2b9ea27237c5e42548a72796c4b1645"}
