{"metadata":{"usedHelpers":[],"marked":[],"modules":{"imports":[{"source":"meteor/templating","imported":["Template"],"specifiers":[{"kind":"named","imported":"Template","local":"Template"}]},{"source":"meteor/reactive-var","imported":["ReactiveVar"],"specifiers":[{"kind":"named","imported":"ReactiveVar","local":"ReactiveVar"}]},{"source":"meteor/session","imported":["Session"],"specifiers":[{"kind":"named","imported":"Session","local":"Session"}]},{"source":"./main.html","imported":[],"specifiers":[]}],"exports":{"exported":[],"specifiers":[]}}},"options":{"filename":"client/main.js","filenameRelative":"client/main.js","env":{"development":{"plugins":[]}},"retainLines":false,"highlightCode":true,"suppressDeprecationMessages":false,"presets":[],"plugins":[[[],{"generateLetDeclarations":true,"enforceStrictMode":false}],[[],null],[[],{"polyfill":false}],[[],null],[[],null],[[],null],[[],{"allowTopLevelThis":true,"strict":false,"loose":true}],[[],null],[[],null],[[],null],[[],null],[[],null],[[],null],[[],null],[[],null],[[],null],[[],null],[[],null],[[],null],[[],{"loose":true}],[[],{"loose":true}],[[],null],[[],{"loose":true}],[[],null],[[],null],[[],null],[[],null],[[],null],[[],null],[[],{"loose":true}],[[],null],[[],null],[[],null],[[],null],[[],null],[[],null],[[],null]],"ignore":[],"code":true,"metadata":true,"ast":true,"comments":true,"compact":false,"minified":false,"sourceMap":true,"sourceMaps":true,"sourceMapTarget":"client/main.js.map","sourceFileName":"client/main.js","babelrc":false,"sourceType":"module","moduleIds":false,"passPerPreset":false,"parserOpts":false,"generatorOpts":false,"basename":"main"},"ignored":false,"code":"var Template = void 0;\nmodule.watch(require(\"meteor/templating\"), {\n  Template: function (v) {\n    Template = v;\n  }\n}, 0);\nvar ReactiveVar = void 0;\nmodule.watch(require(\"meteor/reactive-var\"), {\n  ReactiveVar: function (v) {\n    ReactiveVar = v;\n  }\n}, 1);\nvar Session = void 0;\nmodule.watch(require(\"meteor/session\"), {\n  Session: function (v) {\n    Session = v;\n  }\n}, 2);\nmodule.watch(require(\"./main.html\"));\n\nTemplate.dragdrop.rendered = function () {\n  var myDropzone = new Dropzone(\"div#myId\", {\n    url: \"/upload\",\n    uploadMultiple: true,\n    method: 'post',\n    maxfiles: 5\n  });\n  ;\n  myDropzone.on(\"queuecomplete\", function () {\n    Session.set('gifImage', null);\n    gifShot(myDropzone.files);\n  });\n};\n\nTemplate.gif.helpers({\n  gifImage: function () {\n    return Session.get('gifImage');\n  }\n});\n\nfunction toDataURL(url, callback) {\n  var xhr = new XMLHttpRequest();\n  xhr.open('get', url);\n  xhr.responseType = 'blob';\n\n  xhr.onload = function () {\n    var fr = new FileReader();\n\n    fr.onload = function () {\n      callback(this.result);\n    };\n\n    fr.readAsDataURL(xhr.response); // async call\n  };\n\n  xhr.send();\n}\n\nfunction gifShot(files) {\n  var images = [];\n\n  for (var _iterator = files, _isArray = Array.isArray(_iterator), _i = 0, _iterator = _isArray ? _iterator : _iterator[Symbol.iterator]();;) {\n    var _ref;\n\n    if (_isArray) {\n      if (_i >= _iterator.length) break;\n      _ref = _iterator[_i++];\n    } else {\n      _i = _iterator.next();\n      if (_i.done) break;\n      _ref = _i.value;\n    }\n\n    var file = _ref;\n    toDataURL('http://localhost:3000/uploads/' + file.name, function (response) {\n      images.push(response);\n\n      if (gifshot.isExistingImagesGIFSupported()) {\n        gifshot.createGIF({\n          images: images,\n          interval: .8\n        }, function (obj) {\n          if (!obj.error) {\n            Session.set('gifImage', obj.image);\n          }\n        });\n      }\n    });\n  }\n}","map":{"version":3,"sources":["client/main.js"],"names":["Template","module","watch","require","v","ReactiveVar","Session","dragdrop","rendered","myDropzone","Dropzone","url","uploadMultiple","method","maxfiles","on","set","gifShot","files","gif","helpers","gifImage","get","toDataURL","callback","xhr","XMLHttpRequest","open","responseType","onload","fr","FileReader","result","readAsDataURL","response","send","images","file","name","push","gifshot","isExistingImagesGIFSupported","createGIF","interval","obj","error","image"],"mappings":"AAAA,IAAIA,iBAAJ;AAAaC,OAAOC,KAAP,CAAaC,QAAQ,mBAAR,CAAb,EAA0C;AAACH,UAAD,YAAUI,CAAV,EAAY;AAACJ,eAASI,CAAT;AAAW;AAAxB,CAA1C,EAAoE,CAApE;AAAuE,IAAIC,oBAAJ;AAAgBJ,OAAOC,KAAP,CAAaC,QAAQ,qBAAR,CAAb,EAA4C;AAACE,aAAD,YAAaD,CAAb,EAAe;AAACC,kBAAYD,CAAZ;AAAc;AAA9B,CAA5C,EAA4E,CAA5E;AAA+E,IAAIE,gBAAJ;AAAYL,OAAOC,KAAP,CAAaC,QAAQ,gBAAR,CAAb,EAAuC;AAACG,SAAD,YAASF,CAAT,EAAW;AAACE,cAAQF,CAAR;AAAU;AAAtB,CAAvC,EAA+D,CAA/D;AAAkEH,OAAOC,KAAP,CAAaC,QAAQ,aAAR,CAAb;;AAMjQH,SAASO,QAAT,CAAkBC,QAAlB,GAA6B,YAAW;AACtC,MAAIC,aAAa,IAAIC,QAAJ,CAAa,UAAb,EAAyB;AAAEC,SAAK,SAAP;AAAkBC,oBAAe,IAAjC;AAAuCC,YAAO,MAA9C;AAAsDC,cAAS;AAA/D,GAAzB,CAAjB;AAA6G;AAE7GL,aAAWM,EAAX,CAAc,eAAd,EAA+B,YAAW;AACxCT,YAAQU,GAAR,CAAY,UAAZ,EAAuB,IAAvB;AACAC,YAAQR,WAAWS,KAAnB;AACD,GAHD;AAID,CAPD;;AASAlB,SAASmB,GAAT,CAAaC,OAAb,CAAqB;AACnBC,YAAU,YAAW;AACnB,WAAOf,QAAQgB,GAAR,CAAY,UAAZ,CAAP;AACD;AAHkB,CAArB;;AAMA,SAASC,SAAT,CAAmBZ,GAAnB,EAAwBa,QAAxB,EAAiC;AAC/B,MAAIC,MAAM,IAAIC,cAAJ,EAAV;AACAD,MAAIE,IAAJ,CAAS,KAAT,EAAgBhB,GAAhB;AACAc,MAAIG,YAAJ,GAAmB,MAAnB;;AACAH,MAAII,MAAJ,GAAa,YAAU;AACrB,QAAIC,KAAK,IAAIC,UAAJ,EAAT;;AAEAD,OAAGD,MAAH,GAAY,YAAU;AACpBL,eAAS,KAAKQ,MAAd;AACD,KAFD;;AAIAF,OAAGG,aAAH,CAAiBR,IAAIS,QAArB,EAPqB,CAOW;AACjC,GARD;;AAUAT,MAAIU,IAAJ;AACD;;AAED,SAASlB,OAAT,CAAiBC,KAAjB,EAAwB;AAEtB,MAAIkB,SAAS,EAAb;;AACA,uBAAiBlB,KAAjB,kHAAwB;AAAA;;AAAA;AAAA;AAAA;AAAA;AAAA;AAAA;AAAA;AAAA;;AAAA,QAAfmB,IAAe;AAEpBd,cAAU,mCAAmCc,KAAKC,IAAlD,EAAuD,UAASJ,QAAT,EAAkB;AACvEE,aAAOG,IAAP,CAAYL,QAAZ;;AAEA,UAAGM,QAAQC,4BAAR,EAAH,EAA0C;AAExCD,gBAAQE,SAAR,CAAkB;AAChBN,kBAAQA,MADQ;AAEhBO,oBAAS;AAFO,SAAlB,EAGE,UAASC,GAAT,EAAc;AACd,cAAG,CAACA,IAAIC,KAAR,EAAe;AACbvC,oBAAQU,GAAR,CAAY,UAAZ,EAAuB4B,IAAIE,KAA3B;AACD;AACF,SAPD;AAQD;AACF,KAdD;AAeH;AAIF","file":"client/main.js.map","sourcesContent":["import { Template } from 'meteor/templating';\nimport { ReactiveVar } from 'meteor/reactive-var';\nimport { Session } from 'meteor/session';\n\nimport './main.html';\n\nTemplate.dragdrop.rendered = function() {\n  var myDropzone = new Dropzone(\"div#myId\", { url: \"/upload\", uploadMultiple:true, method:'post', maxfiles:5});;\n\n  myDropzone.on(\"queuecomplete\", function() {\n    Session.set('gifImage',null);\n    gifShot(myDropzone.files);\n  });\n}\n\nTemplate.gif.helpers({\n  gifImage: function() {\n    return Session.get('gifImage');\n  }\n})\n\nfunction toDataURL(url, callback){\n  var xhr = new XMLHttpRequest();\n  xhr.open('get', url);\n  xhr.responseType = 'blob';\n  xhr.onload = function(){\n    var fr = new FileReader();\n  \n    fr.onload = function(){\n      callback(this.result);\n    };\n  \n    fr.readAsDataURL(xhr.response); // async call\n  };\n  \n  xhr.send();\n}\n\nfunction gifShot(files) {\n  \n  let images = [];\n  for (let file of files) {\n\n      toDataURL('http://localhost:3000/uploads/' + file.name,function(response){\n        images.push(response);\n        \n        if(gifshot.isExistingImagesGIFSupported()){\n\n          gifshot.createGIF({\n            images: images,\n            interval:.8\n          },function(obj) {\n            if(!obj.error) {\n              Session.set('gifImage',obj.image);\n            }\n          });\n        }\n      })\n  }\n\n\n\n}\n"]},"hash":"15e8667d762b17394e4d884eccafed16f24c6f73"}
