{"metadata":{"usedHelpers":[],"marked":[],"modules":{"imports":[{"source":"./namespace.js","imported":["DDP","LivedataTest"],"specifiers":[{"kind":"named","imported":"DDP","local":"DDP"},{"kind":"named","imported":"LivedataTest","local":"LivedataTest"}]}],"exports":{"exported":[],"specifiers":[]}}},"options":{"filename":"packages/ddp-client/livedata_common.js","filenameRelative":"packages/ddp-client/livedata_common.js","env":{"development":{"plugins":[]}},"retainLines":false,"highlightCode":true,"suppressDeprecationMessages":false,"presets":[],"plugins":[[[],{"generateLetDeclarations":true,"enforceStrictMode":false}],[[],null],[[],{"polyfill":false}],[[],null],[[],null],[[],null],[[],{"allowTopLevelThis":true,"strict":false,"loose":true}],[[],null],[[],null],[[],null],[[],null],[[],null],[[],null],[[],null],[[],null],[[],null],[[],null],[[],null],[[],null],[[],{"loose":true}],[[],{"loose":true}],[[],null],[[],{"loose":true}],[[],null],[[],null],[[],null],[[],null],[[],null],[[],null],[[],{"loose":true}],[[],null],[[],null],[[],null],[[],null],[[],null],[[],null],[[],null]],"ignore":[],"code":true,"metadata":true,"ast":true,"comments":true,"compact":false,"minified":false,"sourceMap":true,"sourceMaps":true,"sourceMapTarget":"packages/ddp-client/livedata_common.js.map","sourceFileName":"packages/ddp-client/livedata_common.js","babelrc":false,"sourceType":"module","moduleIds":false,"passPerPreset":false,"parserOpts":false,"generatorOpts":false,"basename":"livedata_common"},"ignored":false,"code":"var DDP = void 0,\n    LivedataTest = void 0;\nmodule.watch(require(\"./namespace.js\"), {\n  DDP: function (v) {\n    DDP = v;\n  },\n  LivedataTest: function (v) {\n    LivedataTest = v;\n  }\n}, 0);\nLivedataTest.SUPPORTED_DDP_VERSIONS = DDPCommon.SUPPORTED_DDP_VERSIONS; // This is private but it's used in a few places. accounts-base uses\n// it to get the current user. Meteor.setTimeout and friends clear\n// it. We can probably find a better way to factor this.\n\nDDP._CurrentMethodInvocation = new Meteor.EnvironmentVariable();\nDDP._CurrentPublicationInvocation = new Meteor.EnvironmentVariable(); // XXX: Keep DDP._CurrentInvocation for backwards-compatibility.\n\nDDP._CurrentInvocation = DDP._CurrentMethodInvocation;","map":{"version":3,"sources":["packages/ddp-client/livedata_common.js"],"names":["DDP","LivedataTest","module","watch","require","v","SUPPORTED_DDP_VERSIONS","DDPCommon","_CurrentMethodInvocation","Meteor","EnvironmentVariable","_CurrentPublicationInvocation","_CurrentInvocation"],"mappings":"AAAA,IAAIA,YAAJ;AAAA,IAAQC,qBAAR;AAAqBC,OAAOC,KAAP,CAAaC,QAAQ,gBAAR,CAAb,EAAuC;AAACJ,KAAD,YAAKK,CAAL,EAAO;AAACL,UAAIK,CAAJ;AAAM,GAAd;AAAeJ,cAAf,YAA4BI,CAA5B,EAA8B;AAACJ,mBAAaI,CAAb;AAAe;AAA9C,CAAvC,EAAuF,CAAvF;AAErBJ,aAAaK,sBAAb,GAAsCC,UAAUD,sBAAhD,C,CAEA;AACA;AACA;;AACAN,IAAIQ,wBAAJ,GAA+B,IAAIC,OAAOC,mBAAX,EAA/B;AACAV,IAAIW,6BAAJ,GAAoC,IAAIF,OAAOC,mBAAX,EAApC,C,CAEA;;AACAV,IAAIY,kBAAJ,GAAyBZ,IAAIQ,wBAA7B","file":"packages/ddp-client/livedata_common.js.map","sourcesContent":["import { DDP, LivedataTest } from \"./namespace.js\";\n\nLivedataTest.SUPPORTED_DDP_VERSIONS = DDPCommon.SUPPORTED_DDP_VERSIONS;\n\n// This is private but it's used in a few places. accounts-base uses\n// it to get the current user. Meteor.setTimeout and friends clear\n// it. We can probably find a better way to factor this.\nDDP._CurrentMethodInvocation = new Meteor.EnvironmentVariable;\nDDP._CurrentPublicationInvocation = new Meteor.EnvironmentVariable;\n\n// XXX: Keep DDP._CurrentInvocation for backwards-compatibility.\nDDP._CurrentInvocation = DDP._CurrentMethodInvocation;\n"]},"hash":"213a3bc5f251c3febe6f071bb169ad599c6812b0"}
