{"metadata":{"usedHelpers":[],"marked":[],"modules":{"imports":[{"source":"./namespace.js","imported":["DDP"],"specifiers":[{"kind":"named","imported":"DDP","local":"DDP"}]}],"exports":{"exported":[],"specifiers":[]}}},"options":{"filename":"packages/ddp-client/random_stream.js","filenameRelative":"packages/ddp-client/random_stream.js","env":{"development":{"plugins":[]}},"retainLines":false,"highlightCode":true,"suppressDeprecationMessages":false,"presets":[],"plugins":[[[],{"generateLetDeclarations":true,"enforceStrictMode":false}],[[],null],[[],{"polyfill":false}],[[],null],[[],null],[[],null],[[],{"allowTopLevelThis":true,"strict":false,"loose":true}],[[],null],[[],null],[[],null],[[],null],[[],null],[[],null],[[],null],[[],null],[[],null],[[],null],[[],null],[[],null],[[],{"loose":true}],[[],{"loose":true}],[[],null],[[],{"loose":true}],[[],null],[[],null],[[],null],[[],null],[[],null],[[],null],[[],{"loose":true}],[[],null],[[],null],[[],null],[[],null],[[],null],[[],null],[[],null]],"ignore":[],"code":true,"metadata":true,"ast":true,"comments":true,"compact":false,"minified":false,"sourceMap":true,"sourceMaps":true,"sourceMapTarget":"packages/ddp-client/random_stream.js.map","sourceFileName":"packages/ddp-client/random_stream.js","babelrc":false,"sourceType":"module","moduleIds":false,"passPerPreset":false,"parserOpts":false,"generatorOpts":false,"basename":"random_stream"},"ignored":false,"code":"var DDP = void 0;\nmodule.watch(require(\"./namespace.js\"), {\n  DDP: function (v) {\n    DDP = v;\n  }\n}, 0);\n\n// Returns the named sequence of pseudo-random values.\n// The scope will be DDP._CurrentMethodInvocation.get(), so the stream will produce\n// consistent values for method calls on the client and server.\nDDP.randomStream = function (name) {\n  var scope = DDP._CurrentMethodInvocation.get();\n\n  return DDPCommon.RandomStream.get(scope, name);\n};","map":{"version":3,"sources":["packages/ddp-client/random_stream.js"],"names":["DDP","module","watch","require","v","randomStream","name","scope","_CurrentMethodInvocation","get","DDPCommon","RandomStream"],"mappings":"AAAA,IAAIA,YAAJ;AAAQC,OAAOC,KAAP,CAAaC,QAAQ,gBAAR,CAAb,EAAuC;AAACH,KAAD,YAAKI,CAAL,EAAO;AAACJ,UAAII,CAAJ;AAAM;AAAd,CAAvC,EAAuD,CAAvD;;AAER;AACA;AACA;AACAJ,IAAIK,YAAJ,GAAmB,UAAUC,IAAV,EAAgB;AACjC,MAAIC,QAAQP,IAAIQ,wBAAJ,CAA6BC,GAA7B,EAAZ;;AACA,SAAOC,UAAUC,YAAV,CAAuBF,GAAvB,CAA2BF,KAA3B,EAAkCD,IAAlC,CAAP;AACD,CAHD","file":"packages/ddp-client/random_stream.js.map","sourcesContent":["import { DDP } from \"./namespace.js\";\n\n// Returns the named sequence of pseudo-random values.\n// The scope will be DDP._CurrentMethodInvocation.get(), so the stream will produce\n// consistent values for method calls on the client and server.\nDDP.randomStream = function (name) {\n  var scope = DDP._CurrentMethodInvocation.get();\n  return DDPCommon.RandomStream.get(scope, name);\n};\n\n\n"]},"hash":"2bb723899b3b4b6fbe4e7d9fbf9384d0d884452c"}
