{"metadata":{"usedHelpers":[],"marked":[],"modules":{"imports":[{"source":"./shell-server.js","imported":["listen"],"specifiers":[{"kind":"named","imported":"listen","local":"listen"}]}],"exports":{"exported":[],"specifiers":[{"kind":"external-all","source":"./shell-server.js"}]}}},"options":{"filename":"packages/shell-server/main.js","filenameRelative":"packages/shell-server/main.js","env":{"development":{"plugins":[]}},"retainLines":false,"highlightCode":true,"suppressDeprecationMessages":false,"presets":[],"plugins":[[[],{"generateLetDeclarations":true,"enforceStrictMode":false}],[[],null],[[],{"polyfill":false}],[[],null],[[],null],[[],null],[[],{"allowTopLevelThis":true,"strict":false,"loose":true}],[[],null],[[],null],[[],null],[[],null],[[],null],[[],null],[[],null],[[],null],[[],null],[[],null],[[],null],[[],null],[[],{"loose":true}],[[],{"loose":true}],[[],null],[[],{"loose":true}],[[],null],[[],null],[[],null],[[],null],[[],null],[[],null],[[],{"loose":true}],[[],null],[[],null],[[],null],[[],null],[[],null],[[],null],[[],null]],"ignore":[],"code":true,"metadata":true,"ast":true,"comments":true,"compact":false,"minified":false,"sourceMap":true,"sourceMaps":true,"sourceMapTarget":"packages/shell-server/main.js.map","sourceFileName":"packages/shell-server/main.js","babelrc":false,"sourceType":"module","moduleIds":false,"passPerPreset":false,"parserOpts":false,"generatorOpts":false,"basename":"main"},"ignored":false,"code":"module.watch(require(\"./shell-server.js\"), {\n  \"*\": module.makeNsSetter()\n}, 0);\nvar listen = void 0;\nmodule.watch(require(\"./shell-server.js\"), {\n  listen: function (v) {\n    listen = v;\n  }\n}, 1);\nvar shellDir = process.env.METEOR_SHELL_DIR;\n\nif (shellDir) {\n  listen(shellDir);\n}","map":{"version":3,"sources":["packages/shell-server/main.js"],"names":["module","watch","require","makeNsSetter","listen","v","shellDir","process","env","METEOR_SHELL_DIR"],"mappings":"AAAAA,OAAOC,KAAP,CAAaC,QAAQ,mBAAR,CAAb,EAA0C;AAAC,OAAIF,OAAOG,YAAP;AAAL,CAA1C,EAAsE,CAAtE;AAAyE,IAAIC,eAAJ;AAAWJ,OAAOC,KAAP,CAAaC,QAAQ,mBAAR,CAAb,EAA0C;AAACE,QAAD,YAAQC,CAAR,EAAU;AAACD,aAAOC,CAAP;AAAS;AAApB,CAA1C,EAAgE,CAAhE;AAGpF,IAAMC,WAAWC,QAAQC,GAAR,CAAYC,gBAA7B;;AACA,IAAIH,QAAJ,EAAc;AACZF,SAAOE,QAAP;AACD","file":"packages/shell-server/main.js.map","sourcesContent":["export * from \"./shell-server.js\";\nimport { listen } from \"./shell-server.js\";\n\nconst shellDir = process.env.METEOR_SHELL_DIR;\nif (shellDir) {\n  listen(shellDir);\n}\n"]},"hash":"2c73e7490c237f02df2735fad6977a55d86b5ea8"}
