{"metadata":{"usedHelpers":[],"marked":[],"modules":{"imports":[{"source":"meteor/templating","imported":["Template"],"specifiers":[{"kind":"named","imported":"Template","local":"Template"}]},{"source":"meteor/reactive-var","imported":["ReactiveVar"],"specifiers":[{"kind":"named","imported":"ReactiveVar","local":"ReactiveVar"}]},{"source":"./main.html","imported":[],"specifiers":[]}],"exports":{"exported":[],"specifiers":[]}}},"options":{"filename":"client/main.js","filenameRelative":"client/main.js","env":{"development":{"plugins":[]}},"retainLines":false,"highlightCode":true,"suppressDeprecationMessages":false,"presets":[],"plugins":[[[],{"generateLetDeclarations":true,"enforceStrictMode":false}],[[],null],[[],{"polyfill":false}],[[],null],[[],null],[[],null],[[],{"allowTopLevelThis":true,"strict":false,"loose":true}],[[],null],[[],null],[[],null],[[],null],[[],null],[[],null],[[],null],[[],null],[[],null],[[],null],[[],null],[[],null],[[],{"loose":true}],[[],{"loose":true}],[[],null],[[],{"loose":true}],[[],null],[[],null],[[],null],[[],null],[[],null],[[],null],[[],{"loose":true}],[[],null],[[],null],[[],null],[[],null],[[],null],[[],null],[[],null]],"ignore":[],"code":true,"metadata":true,"ast":true,"comments":true,"compact":false,"minified":false,"sourceMap":true,"sourceMaps":true,"sourceMapTarget":"client/main.js.map","sourceFileName":"client/main.js","babelrc":false,"sourceType":"module","moduleIds":false,"passPerPreset":false,"parserOpts":false,"generatorOpts":false,"basename":"main"},"ignored":false,"code":"var Template = void 0;\nmodule.watch(require(\"meteor/templating\"), {\n  Template: function (v) {\n    Template = v;\n  }\n}, 0);\nvar ReactiveVar = void 0;\nmodule.watch(require(\"meteor/reactive-var\"), {\n  ReactiveVar: function (v) {\n    ReactiveVar = v;\n  }\n}, 1);\nmodule.watch(require(\"./main.html\"));\n\nTemplate.fuckit.rendered = function () {\n  var myDropzone = new Dropzone(\"div#myId\", {\n    url: \"/file/post\"\n  }); //$(\"div#myId\").dropzone({ url: \"/file/post\" });\n\n  myDropzone.on(\"complete\", function (file) {\n    console.log('here is your file dick weed'); //myDropzone.removeFile(file);\n  });\n  Dropzone.options.myDropzone = {\n    paramName: \"file\",\n    // The name that will be used to transfer the file\n    maxFilesize: 4,\n    // MB\n    accept: function (file, done) {\n      if (file.name == \"justinbieber.jpg\") {\n        done(\"Naha, you don't.\");\n      } else {\n        done();\n      }\n    }\n  };\n};","map":{"version":3,"sources":["client/main.js"],"names":["Template","module","watch","require","v","ReactiveVar","fuckit","rendered","myDropzone","Dropzone","url","on","file","console","log","options","paramName","maxFilesize","accept","done","name"],"mappings":"AAAA,IAAIA,iBAAJ;AAAaC,OAAOC,KAAP,CAAaC,QAAQ,mBAAR,CAAb,EAA0C;AAACH,UAAD,YAAUI,CAAV,EAAY;AAACJ,eAASI,CAAT;AAAW;AAAxB,CAA1C,EAAoE,CAApE;AAAuE,IAAIC,oBAAJ;AAAgBJ,OAAOC,KAAP,CAAaC,QAAQ,qBAAR,CAAb,EAA4C;AAACE,aAAD,YAAaD,CAAb,EAAe;AAACC,kBAAYD,CAAZ;AAAc;AAA9B,CAA5C,EAA4E,CAA5E;AAA+EH,OAAOC,KAAP,CAAaC,QAAQ,aAAR,CAAb;;AAOnLH,SAASM,MAAT,CAAgBC,QAAhB,GAA2B,YAAW;AACpC,MAAIC,aAAa,IAAIC,QAAJ,CAAa,UAAb,EAAyB;AAAEC,SAAK;AAAP,GAAzB,CAAjB,CADoC,CAEpC;;AAEAF,aAAWG,EAAX,CAAc,UAAd,EAA0B,UAASC,IAAT,EAAe;AACvCC,YAAQC,GAAR,CAAY,6BAAZ,EADuC,CAEvC;AACD,GAHD;AAKAL,WAASM,OAAT,CAAiBP,UAAjB,GAA8B;AAC5BQ,eAAW,MADiB;AACT;AACnBC,iBAAa,CAFe;AAEZ;AAChBC,YAAQ,UAASN,IAAT,EAAeO,IAAf,EAAqB;AAE3B,UAAIP,KAAKQ,IAAL,IAAa,kBAAjB,EAAqC;AACnCD,aAAK,kBAAL;AACD,OAFD,MAGK;AAAEA;AAAS;AACjB;AAT2B,GAA9B;AAaD,CAtBD","file":"client/main.js.map","sourcesContent":["import { Template } from 'meteor/templating';\nimport { ReactiveVar } from 'meteor/reactive-var';\n\nimport './main.html';\n\n\n\nTemplate.fuckit.rendered = function() {\n  var myDropzone = new Dropzone(\"div#myId\", { url: \"/file/post\"});\n  //$(\"div#myId\").dropzone({ url: \"/file/post\" });\n\n  myDropzone.on(\"complete\", function(file) {\n    console.log('here is your file dick weed');\n    //myDropzone.removeFile(file);\n  });\n\n  Dropzone.options.myDropzone = {\n    paramName: \"file\", // The name that will be used to transfer the file\n    maxFilesize: 4, // MB\n    accept: function(file, done) {\n      \n      if (file.name == \"justinbieber.jpg\") {\n        done(\"Naha, you don't.\");\n      }\n      else { done(); }\n    }\n  };\n\n\n}\n"]},"hash":"371434582e8e2ca26ba7b4959621825bd9af8f10"}
