{"metadata":{"usedHelpers":[],"marked":[],"modules":{"imports":[],"exports":{"exported":[],"specifiers":[]}}},"options":{"filename":"packages/mongo/connection_options.js","filenameRelative":"packages/mongo/connection_options.js","env":{"development":{"plugins":[]}},"retainLines":false,"highlightCode":true,"suppressDeprecationMessages":false,"presets":[],"plugins":[[[],{"generateLetDeclarations":true,"enforceStrictMode":false}],[[],null],[[],{"polyfill":false}],[[],null],[[],null],[[],null],[[],{"allowTopLevelThis":true,"strict":false,"loose":true}],[[],null],[[],null],[[],null],[[],null],[[],null],[[],null],[[],null],[[],null],[[],null],[[],null],[[],null],[[],null],[[],{"loose":true}],[[],{"loose":true}],[[],null],[[],{"loose":true}],[[],null],[[],null],[[],null],[[],null],[[],null],[[],null],[[],{"loose":true}],[[],null],[[],null],[[],null],[[],null],[[],null],[[],null],[[],null]],"ignore":[],"code":true,"metadata":true,"ast":true,"comments":true,"compact":false,"minified":false,"sourceMap":true,"sourceMaps":true,"sourceMapTarget":"packages/mongo/connection_options.js.map","sourceFileName":"packages/mongo/connection_options.js","babelrc":false,"sourceType":"module","moduleIds":false,"passPerPreset":false,"parserOpts":false,"generatorOpts":false,"basename":"connection_options"},"ignored":false,"code":"/**\n * @summary Allows for user specified connection options\n * @example http://mongodb.github.io/node-mongodb-native/2.2/reference/connecting/connection-settings/\n * @locus Server\n * @param {Object} options User specified Mongo connection options\n */Mongo.setConnectionOptions = function () {\n  function setConnectionOptions(options) {\n    check(options, Object);\n    Mongo._connectionOptions = options;\n  }\n\n  return setConnectionOptions;\n}();","map":{"version":3,"sources":["packages/mongo/connection_options.js"],"names":["Mongo","setConnectionOptions","options","check","Object","_connectionOptions"],"mappings":"AAAA;;;;;GAMAA,MAAMC,oBAAN;AAA6B,WAASA,oBAAT,CAA+BC,OAA/B,EAAwC;AACnEC,UAAMD,OAAN,EAAeE,MAAf;AACAJ,UAAMK,kBAAN,GAA2BH,OAA3B;AACD;;AAHD,SAAsCD,oBAAtC;AAAA","file":"packages/mongo/connection_options.js.map","sourcesContent":["/**\n * @summary Allows for user specified connection options\n * @example http://mongodb.github.io/node-mongodb-native/2.2/reference/connecting/connection-settings/\n * @locus Server\n * @param {Object} options User specified Mongo connection options\n */\nMongo.setConnectionOptions = function setConnectionOptions (options) {\n  check(options, Object);\n  Mongo._connectionOptions = options;\n};"]},"hash":"381fe688a22aa2312b2225dcfbd950c3c11a9711"}
