{"metadata":{"usedHelpers":[],"marked":[],"modules":{"imports":[{"source":"meteor/templating","imported":["Template"],"specifiers":[{"kind":"named","imported":"Template","local":"Template"}]},{"source":"meteor/reactive-var","imported":["ReactiveVar"],"specifiers":[{"kind":"named","imported":"ReactiveVar","local":"ReactiveVar"}]},{"source":"meteor/chfritz:filedrop","imported":["filedrop2"],"specifiers":[{"kind":"named","imported":"filedrop2","local":"filedrop2"}]},{"source":"./main.html","imported":[],"specifiers":[]}],"exports":{"exported":[],"specifiers":[]}}},"options":{"filename":"client/main.js","filenameRelative":"client/main.js","env":{"development":{"plugins":[]}},"retainLines":false,"highlightCode":true,"suppressDeprecationMessages":false,"presets":[],"plugins":[[[],{"generateLetDeclarations":true,"enforceStrictMode":false}],[[],null],[[],{"polyfill":false}],[[],null],[[],null],[[],null],[[],{"allowTopLevelThis":true,"strict":false,"loose":true}],[[],null],[[],null],[[],null],[[],null],[[],null],[[],null],[[],null],[[],null],[[],null],[[],null],[[],null],[[],null],[[],{"loose":true}],[[],{"loose":true}],[[],null],[[],{"loose":true}],[[],null],[[],null],[[],null],[[],null],[[],null],[[],null],[[],{"loose":true}],[[],null],[[],null],[[],null],[[],null],[[],null],[[],null],[[],null]],"ignore":[],"code":true,"metadata":true,"ast":true,"comments":true,"compact":false,"minified":false,"sourceMap":true,"sourceMaps":true,"sourceMapTarget":"client/main.js.map","sourceFileName":"client/main.js","babelrc":false,"sourceType":"module","moduleIds":false,"passPerPreset":false,"parserOpts":false,"generatorOpts":false,"basename":"main"},"ignored":false,"code":"var Template = void 0;\nmodule.watch(require(\"meteor/templating\"), {\n  Template: function (v) {\n    Template = v;\n  }\n}, 0);\nvar ReactiveVar = void 0;\nmodule.watch(require(\"meteor/reactive-var\"), {\n  ReactiveVar: function (v) {\n    ReactiveVar = v;\n  }\n}, 1);\nvar filedrop2 = void 0;\nmodule.watch(require(\"meteor/chfritz:filedrop\"), {\n  filedrop2: function (v) {\n    filedrop2 = v;\n  }\n}, 2);\nmodule.watch(require(\"./main.html\"));\nTemplate.hello.onCreated(function () {\n  function helloOnCreated() {\n    // counter starts at 0\n    this.counter = new ReactiveVar(0);\n    console.log('hello');\n  }\n\n  return helloOnCreated;\n}());\nTemplate.hello.helpers({\n  counter: function () {\n    return Template.instance().counter.get();\n  }\n});\nTemplate.hello.events({\n  'click button': function (event, instance) {\n    // increment the counter when button is clicked\n    instance.counter.set(instance.counter.get() + 1);\n  }\n});","map":{"version":3,"sources":["client/main.js"],"names":["Template","module","watch","require","v","ReactiveVar","filedrop2","hello","onCreated","helloOnCreated","counter","console","log","helpers","instance","get","events","event","set"],"mappings":"AAAA,IAAIA,iBAAJ;AAAaC,OAAOC,KAAP,CAAaC,QAAQ,mBAAR,CAAb,EAA0C;AAACH,UAAD,YAAUI,CAAV,EAAY;AAACJ,eAASI,CAAT;AAAW;AAAxB,CAA1C,EAAoE,CAApE;AAAuE,IAAIC,oBAAJ;AAAgBJ,OAAOC,KAAP,CAAaC,QAAQ,qBAAR,CAAb,EAA4C;AAACE,aAAD,YAAaD,CAAb,EAAe;AAACC,kBAAYD,CAAZ;AAAc;AAA9B,CAA5C,EAA4E,CAA5E;AAA+E,IAAIE,kBAAJ;AAAcL,OAAOC,KAAP,CAAaC,QAAQ,yBAAR,CAAb,EAAgD;AAACG,WAAD,YAAWF,CAAX,EAAa;AAACE,gBAAUF,CAAV;AAAY;AAA1B,CAAhD,EAA4E,CAA5E;AAA+EH,OAAOC,KAAP,CAAaC,QAAQ,aAAR,CAAb;AAShRH,SAASO,KAAT,CAAeC,SAAf;AAAyB,WAASC,cAAT,GAA0B;AACjD;AACA,SAAKC,OAAL,GAAe,IAAIL,WAAJ,CAAgB,CAAhB,CAAf;AACAM,YAAQC,GAAR,CAAY,OAAZ;AACD;;AAJD,SAAkCH,cAAlC;AAAA;AAMAT,SAASO,KAAT,CAAeM,OAAf,CAAuB;AACrBH,SADqB,cACX;AACR,WAAOV,SAASc,QAAT,GAAoBJ,OAApB,CAA4BK,GAA5B,EAAP;AACD;AAHoB,CAAvB;AAMAf,SAASO,KAAT,CAAeS,MAAf,CAAsB;AACpB,gBADoB,YACLC,KADK,EACEH,QADF,EACY;AAC9B;AACAA,aAASJ,OAAT,CAAiBQ,GAAjB,CAAqBJ,SAASJ,OAAT,CAAiBK,GAAjB,KAAyB,CAA9C;AACD;AAJmB,CAAtB","file":"client/main.js.map","sourcesContent":["import { Template } from 'meteor/templating';\nimport { ReactiveVar } from 'meteor/reactive-var';\nimport { filedrop2 } from 'meteor/chfritz:filedrop';\n\nimport './main.html';\n\n\n\n\nTemplate.hello.onCreated(function helloOnCreated() {\n  // counter starts at 0\n  this.counter = new ReactiveVar(0);\n  console.log('hello');\n});\n\nTemplate.hello.helpers({\n  counter() {\n    return Template.instance().counter.get();\n  },\n});\n\nTemplate.hello.events({\n  'click button'(event, instance) {\n    // increment the counter when button is clicked\n    instance.counter.set(instance.counter.get() + 1);\n  },\n});\n"]},"hash":"3a0fe337018594c4f7b70375928b95afc00c77a5"}
