{"metadata":{"usedHelpers":[],"marked":[],"modules":{"imports":[{"source":"meteor/templating","imported":["Template"],"specifiers":[{"kind":"named","imported":"Template","local":"Template"}]},{"source":"meteor/reactive-var","imported":["ReactiveVar"],"specifiers":[{"kind":"named","imported":"ReactiveVar","local":"ReactiveVar"}]},{"source":"meteor/session","imported":["Session"],"specifiers":[{"kind":"named","imported":"Session","local":"Session"}]},{"source":"./main.html","imported":[],"specifiers":[]}],"exports":{"exported":[],"specifiers":[]}}},"options":{"filename":"client/main.js","filenameRelative":"client/main.js","env":{"development":{"plugins":[]}},"retainLines":false,"highlightCode":true,"suppressDeprecationMessages":false,"presets":[],"plugins":[[[],{"generateLetDeclarations":true,"enforceStrictMode":false}],[[],null],[[],{"polyfill":false}],[[],null],[[],null],[[],null],[[],{"allowTopLevelThis":true,"strict":false,"loose":true}],[[],null],[[],null],[[],null],[[],null],[[],null],[[],null],[[],null],[[],null],[[],null],[[],null],[[],null],[[],null],[[],{"loose":true}],[[],{"loose":true}],[[],null],[[],{"loose":true}],[[],null],[[],null],[[],null],[[],null],[[],null],[[],null],[[],{"loose":true}],[[],null],[[],null],[[],null],[[],null],[[],null],[[],null],[[],null]],"ignore":[],"code":true,"metadata":true,"ast":true,"comments":true,"compact":false,"minified":false,"sourceMap":true,"sourceMaps":true,"sourceMapTarget":"client/main.js.map","sourceFileName":"client/main.js","babelrc":false,"sourceType":"module","moduleIds":false,"passPerPreset":false,"parserOpts":false,"generatorOpts":false,"basename":"main"},"ignored":false,"code":"var Template = void 0;\nmodule.watch(require(\"meteor/templating\"), {\n  Template: function (v) {\n    Template = v;\n  }\n}, 0);\nvar ReactiveVar = void 0;\nmodule.watch(require(\"meteor/reactive-var\"), {\n  ReactiveVar: function (v) {\n    ReactiveVar = v;\n  }\n}, 1);\nvar Session = void 0;\nmodule.watch(require(\"meteor/session\"), {\n  Session: function (v) {\n    Session = v;\n  }\n}, 2);\nmodule.watch(require(\"./main.html\"));\n\nTemplate.fuckit.rendered = function () {\n  var myDropzone = new Dropzone(\"div#myId\", {\n    url: \"/upload\",\n    uploadMultiple: true,\n    method: 'post',\n    parrallelUploads: 4\n  });\n  myDropzone.on(\"completemultiple\", function (file) {\n    console.log('here is your file dick weed' + JSON.stringify(file));\n  });\n  myDropzone.on(\"queuecomplete\", function () {\n    console.log('queue complete dickhead');\n    gifShot(myDropzone.files);\n  });\n};\n\nTemplate.deadtome.onCreated(function () {\n  debugger;\n  Session.set('gifImage', '/uploads/images.jpg');\n});\nTemplate.deadtome.helpers({\n  gifImage: function () {\n    debugger;\n    return Session.get('gifImage');\n  }\n});\n\nfunction gifShot(files) {\n  if (gifshot.isExistingImagesGIFSupported()) {\n    gifshot.createGIF({\n      'images': ['http://localhost:3000/uploads/images.jpg', 'http://localhost:3000/uploads/images2.png', 'http://localhost:3000/uploads/images3.jpg']\n    }, function (obj) {\n      console.log('gif created');\n\n      if (!obj.error) {\n        debugger;\n        var image = obj.image;\n        gifImage = image;\n        var animatedImage = document.createElement('img');\n        Session.set('gifImage', image); //animatedImage.src = image;\n        //document.body.appendChild(animatedImage);\n      }\n    });\n  }\n}","map":{"version":3,"sources":["client/main.js"],"names":["Template","module","watch","require","v","ReactiveVar","Session","fuckit","rendered","myDropzone","Dropzone","url","uploadMultiple","method","parrallelUploads","on","file","console","log","JSON","stringify","gifShot","files","deadtome","onCreated","set","helpers","gifImage","get","gifshot","isExistingImagesGIFSupported","createGIF","obj","error","image","animatedImage","document","createElement"],"mappings":"AAAA,IAAIA,iBAAJ;AAAaC,OAAOC,KAAP,CAAaC,QAAQ,mBAAR,CAAb,EAA0C;AAACH,UAAD,YAAUI,CAAV,EAAY;AAACJ,eAASI,CAAT;AAAW;AAAxB,CAA1C,EAAoE,CAApE;AAAuE,IAAIC,oBAAJ;AAAgBJ,OAAOC,KAAP,CAAaC,QAAQ,qBAAR,CAAb,EAA4C;AAACE,aAAD,YAAaD,CAAb,EAAe;AAACC,kBAAYD,CAAZ;AAAc;AAA9B,CAA5C,EAA4E,CAA5E;AAA+E,IAAIE,gBAAJ;AAAYL,OAAOC,KAAP,CAAaC,QAAQ,gBAAR,CAAb,EAAuC;AAACG,SAAD,YAASF,CAAT,EAAW;AAACE,cAAQF,CAAR;AAAU;AAAtB,CAAvC,EAA+D,CAA/D;AAAkEH,OAAOC,KAAP,CAAaC,QAAQ,aAAR,CAAb;;AAOjQH,SAASO,MAAT,CAAgBC,QAAhB,GAA2B,YAAW;AACpC,MAAIC,aAAa,IAAIC,QAAJ,CAAa,UAAb,EAAyB;AAAEC,SAAK,SAAP;AAAkBC,oBAAe,IAAjC;AAAuCC,YAAO,MAA9C;AAAsDC,sBAAiB;AAAvE,GAAzB,CAAjB;AAEAL,aAAWM,EAAX,CAAc,kBAAd,EAAkC,UAASC,IAAT,EAAe;AAC/CC,YAAQC,GAAR,CAAY,gCAAgCC,KAAKC,SAAL,CAAeJ,IAAf,CAA5C;AACD,GAFD;AAIAP,aAAWM,EAAX,CAAc,eAAd,EAA+B,YAAW;AACxCE,YAAQC,GAAR,CAAY,yBAAZ;AACAG,YAAQZ,WAAWa,KAAnB;AACD,GAHD;AAKD,CAZD;;AAcAtB,SAASuB,QAAT,CAAkBC,SAAlB,CAA4B,YAAY;AACtC;AACAlB,UAAQmB,GAAR,CAAY,UAAZ,EAAuB,qBAAvB;AACD,CAHD;AAKAzB,SAASuB,QAAT,CAAkBG,OAAlB,CAA0B;AACxBC,YAAU,YAAW;AACnB;AACA,WAAOrB,QAAQsB,GAAR,CAAY,UAAZ,CAAP;AACD;AAJuB,CAA1B;;AAOA,SAASP,OAAT,CAAiBC,KAAjB,EAAwB;AAEtB,MAAGO,QAAQC,4BAAR,EAAH,EAA0C;AACxCD,YAAQE,SAAR,CAAkB;AAChB,gBAAU,CAAC,0CAAD,EAA6C,2CAA7C,EAA0F,2CAA1F;AADM,KAAlB,EAEE,UAASC,GAAT,EAAc;AACdf,cAAQC,GAAR,CAAY,aAAZ;;AACA,UAAG,CAACc,IAAIC,KAAR,EAAe;AACb;AACA,YAAIC,QAAQF,IAAIE,KAAhB;AACAP,mBAAWO,KAAX;AACA,YAAIC,gBAAgBC,SAASC,aAAT,CAAuB,KAAvB,CAApB;AACA/B,gBAAQmB,GAAR,CAAY,UAAZ,EAAuBS,KAAvB,EALa,CAMb;AACA;AACD;AACF,KAbD;AAcD;AAEF","file":"client/main.js.map","sourcesContent":["import { Template } from 'meteor/templating';\nimport { ReactiveVar } from 'meteor/reactive-var';\nimport { Session } from 'meteor/session';\n\nimport './main.html';\n\n\nTemplate.fuckit.rendered = function() {\n  var myDropzone = new Dropzone(\"div#myId\", { url: \"/upload\", uploadMultiple:true, method:'post', parrallelUploads:4});\n\n  myDropzone.on(\"completemultiple\", function(file) {\n    console.log('here is your file dick weed' + JSON.stringify(file));\n  });\n\n  myDropzone.on(\"queuecomplete\", function() {\n    console.log('queue complete dickhead');\n    gifShot(myDropzone.files);\n  });\n\n}\n\nTemplate.deadtome.onCreated(function () {\n  debugger;\n  Session.set('gifImage','/uploads/images.jpg');\n});\n\nTemplate.deadtome.helpers({\n  gifImage: function() {\n    debugger;\n    return Session.get('gifImage');\n  }\n})\n\nfunction gifShot(files) {\n  \n  if(gifshot.isExistingImagesGIFSupported()){\n    gifshot.createGIF({\n      'images': ['http://localhost:3000/uploads/images.jpg', 'http://localhost:3000/uploads/images2.png', 'http://localhost:3000/uploads/images3.jpg']\n    },function(obj) {\n      console.log('gif created');\n      if(!obj.error) {\n        debugger;\n        var image = obj.image;\n        gifImage = image;\n        var animatedImage = document.createElement('img');\n        Session.set('gifImage',image);\n        //animatedImage.src = image;\n        //document.body.appendChild(animatedImage);\n      }\n    });\n  }\n\n}\n"]},"hash":"468a6ceb3e85c802308ae27b0071a78e4a4c43ed"}
