{"metadata":{"usedHelpers":[],"marked":[],"modules":{"imports":[{"source":"meteor/templating","imported":["Template"],"specifiers":[{"kind":"named","imported":"Template","local":"Template"}]},{"source":"meteor/reactive-var","imported":["ReactiveVar"],"specifiers":[{"kind":"named","imported":"ReactiveVar","local":"ReactiveVar"}]},{"source":"meteor/session","imported":["Session"],"specifiers":[{"kind":"named","imported":"Session","local":"Session"}]},{"source":"./main.html","imported":[],"specifiers":[]}],"exports":{"exported":[],"specifiers":[]}}},"options":{"filename":"client/main.js","filenameRelative":"client/main.js","env":{"development":{"plugins":[]}},"retainLines":false,"highlightCode":true,"suppressDeprecationMessages":false,"presets":[],"plugins":[[[],{"generateLetDeclarations":true,"enforceStrictMode":false}],[[],null],[[],{"polyfill":false}],[[],null],[[],null],[[],null],[[],{"allowTopLevelThis":true,"strict":false,"loose":true}],[[],null],[[],null],[[],null],[[],null],[[],null],[[],null],[[],null],[[],null],[[],null],[[],null],[[],null],[[],null],[[],{"loose":true}],[[],{"loose":true}],[[],null],[[],{"loose":true}],[[],null],[[],null],[[],null],[[],null],[[],null],[[],null],[[],{"loose":true}],[[],null],[[],null],[[],null],[[],null],[[],null],[[],null],[[],null]],"ignore":[],"code":true,"metadata":true,"ast":true,"comments":true,"compact":false,"minified":false,"sourceMap":true,"sourceMaps":true,"sourceMapTarget":"client/main.js.map","sourceFileName":"client/main.js","babelrc":false,"sourceType":"module","moduleIds":false,"passPerPreset":false,"parserOpts":false,"generatorOpts":false,"basename":"main"},"ignored":false,"code":"var Template = void 0;\nmodule.watch(require(\"meteor/templating\"), {\n  Template: function (v) {\n    Template = v;\n  }\n}, 0);\nvar ReactiveVar = void 0;\nmodule.watch(require(\"meteor/reactive-var\"), {\n  ReactiveVar: function (v) {\n    ReactiveVar = v;\n  }\n}, 1);\nvar Session = void 0;\nmodule.watch(require(\"meteor/session\"), {\n  Session: function (v) {\n    Session = v;\n  }\n}, 2);\nmodule.watch(require(\"./main.html\"));\n\nTemplate.dragdrop.rendered = function () {\n  var myDropzone = new Dropzone(\"div#myId\", {\n    url: \"/upload\",\n    uploadMultiple: true,\n    method: 'post',\n    maxfiles: 5\n  });\n  ;\n  myDropzone.on(\"queuecomplete\", function () {\n    Session.set('gifImage', null);\n    gifShot(myDropzone.files);\n  });\n};\n\nTemplate.gif.helpers({\n  gifImage: function () {\n    return Session.get('gifImage');\n  }\n});\n\nfunction toDataURL(url, callback) {\n  var xhr = new XMLHttpRequest();\n  xhr.open('get', url);\n  xhr.responseType = 'blob';\n\n  xhr.onload = function () {\n    var fr = new FileReader();\n\n    fr.onload = function () {\n      callback(this.result);\n    };\n\n    fr.readAsDataURL(xhr.response); // async call\n  };\n\n  xhr.send();\n}\n\nvar images = [];\n\nfunction pFileReader(file) {\n  return new Promise(function (resolve, reject) {\n    var fr = new FileReader();\n\n    fr.onload = function () {\n      images.push(this.result);\n      resolve();\n    };\n\n    fr.readAsDataURL(file);\n  });\n}\n\nfunction gifShot(inputFiles) {\n  images = [];\n  var promise = Promise.resolve();\n  inputFiles.files.map(function (file) {\n    return promise.then(function () {\n      return pFileReader(file);\n    });\n  });\n  promise.then(function () {\n    return gifshot.createGIF({\n      images: images,\n      interval: .8\n    }, function (obj) {\n      if (!obj.error) {\n        Session.set('gifImage', obj.image);\n      }\n    });\n  }); // for (let file of files) {\n  //     toDataURL('http://localhost:3000/uploads/' + file.name,function(response){\n  //       images.push(response);\n  //       if(gifshot.isExistingImagesGIFSupported()){\n  //         gifshot.createGIF({\n  //           images: images,\n  //           interval:.8\n  //         },function(obj) {\n  //           if(!obj.error) {\n  //             Session.set('gifImage',obj.image);\n  //           }\n  //         });\n  //       }\n  //     })\n  // }\n}","map":{"version":3,"sources":["client/main.js"],"names":["Template","module","watch","require","v","ReactiveVar","Session","dragdrop","rendered","myDropzone","Dropzone","url","uploadMultiple","method","maxfiles","on","set","gifShot","files","gif","helpers","gifImage","get","toDataURL","callback","xhr","XMLHttpRequest","open","responseType","onload","fr","FileReader","result","readAsDataURL","response","send","images","pFileReader","file","Promise","resolve","reject","push","inputFiles","promise","map","then","gifshot","createGIF","interval","obj","error","image"],"mappings":"AAAA,IAAIA,iBAAJ;AAAaC,OAAOC,KAAP,CAAaC,QAAQ,mBAAR,CAAb,EAA0C;AAACH,UAAD,YAAUI,CAAV,EAAY;AAACJ,eAASI,CAAT;AAAW;AAAxB,CAA1C,EAAoE,CAApE;AAAuE,IAAIC,oBAAJ;AAAgBJ,OAAOC,KAAP,CAAaC,QAAQ,qBAAR,CAAb,EAA4C;AAACE,aAAD,YAAaD,CAAb,EAAe;AAACC,kBAAYD,CAAZ;AAAc;AAA9B,CAA5C,EAA4E,CAA5E;AAA+E,IAAIE,gBAAJ;AAAYL,OAAOC,KAAP,CAAaC,QAAQ,gBAAR,CAAb,EAAuC;AAACG,SAAD,YAASF,CAAT,EAAW;AAACE,cAAQF,CAAR;AAAU;AAAtB,CAAvC,EAA+D,CAA/D;AAAkEH,OAAOC,KAAP,CAAaC,QAAQ,aAAR,CAAb;;AAMjQH,SAASO,QAAT,CAAkBC,QAAlB,GAA6B,YAAW;AACtC,MAAIC,aAAa,IAAIC,QAAJ,CAAa,UAAb,EAAyB;AAAEC,SAAK,SAAP;AAAkBC,oBAAe,IAAjC;AAAuCC,YAAO,MAA9C;AAAsDC,cAAS;AAA/D,GAAzB,CAAjB;AAA6G;AAE7GL,aAAWM,EAAX,CAAc,eAAd,EAA+B,YAAW;AACxCT,YAAQU,GAAR,CAAY,UAAZ,EAAuB,IAAvB;AACAC,YAAQR,WAAWS,KAAnB;AACD,GAHD;AAID,CAPD;;AASAlB,SAASmB,GAAT,CAAaC,OAAb,CAAqB;AACnBC,YAAU,YAAW;AACnB,WAAOf,QAAQgB,GAAR,CAAY,UAAZ,CAAP;AACD;AAHkB,CAArB;;AAMA,SAASC,SAAT,CAAmBZ,GAAnB,EAAwBa,QAAxB,EAAiC;AAC/B,MAAIC,MAAM,IAAIC,cAAJ,EAAV;AACAD,MAAIE,IAAJ,CAAS,KAAT,EAAgBhB,GAAhB;AACAc,MAAIG,YAAJ,GAAmB,MAAnB;;AACAH,MAAII,MAAJ,GAAa,YAAU;AACrB,QAAIC,KAAK,IAAIC,UAAJ,EAAT;;AAEAD,OAAGD,MAAH,GAAY,YAAU;AACpBL,eAAS,KAAKQ,MAAd;AACD,KAFD;;AAIAF,OAAGG,aAAH,CAAiBR,IAAIS,QAArB,EAPqB,CAOW;AACjC,GARD;;AAUAT,MAAIU,IAAJ;AACD;;AAGD,IAAIC,SAAS,EAAb;;AAEA,SAASC,WAAT,CAAqBC,IAArB,EAA0B;AACxB,SAAO,IAAIC,OAAJ,CAAY,UAACC,OAAD,EAAUC,MAAV,EAAqB;AACtC,QAAIX,KAAK,IAAIC,UAAJ,EAAT;;AACAD,OAAGD,MAAH,GAAY,YAAU;AACpBO,aAAOM,IAAP,CAAY,KAAKV,MAAjB;AACAQ;AACD,KAHD;;AAIAV,OAAGG,aAAH,CAAiBK,IAAjB;AACD,GAPM,CAAP;AAQD;;AAED,SAASrB,OAAT,CAAiB0B,UAAjB,EAA6B;AAE3BP,WAAS,EAAT;AAEA,MAAIQ,UAAUL,QAAQC,OAAR,EAAd;AACAG,aAAWzB,KAAX,CAAiB2B,GAAjB,CAAsB;AAAA,WAAQD,QAAQE,IAAR,CAAa;AAAA,aAAKT,YAAYC,IAAZ,CAAL;AAAA,KAAb,CAAR;AAAA,GAAtB;AACAM,UAAQE,IAAR,CAAa;AAAA,WACXC,QAAQC,SAAR,CAAkB;AAChBZ,cAAQA,MADQ;AAEhBa,gBAAS;AAFO,KAAlB,EAGE,UAASC,GAAT,EAAc;AACd,UAAG,CAACA,IAAIC,KAAR,EAAe;AACb7C,gBAAQU,GAAR,CAAY,UAAZ,EAAuBkC,IAAIE,KAA3B;AACD;AACJ,KAPC,CADW;AAAA,GAAb,EAN2B,CAiB3B;AAEA;AACA;AAEA;AAEA;AACA;AACA;AACA;AACA;AACA;AACA;AACA;AACA;AACA;AACA;AAID","file":"client/main.js.map","sourcesContent":["import { Template } from 'meteor/templating';\nimport { ReactiveVar } from 'meteor/reactive-var';\nimport { Session } from 'meteor/session';\n\nimport './main.html';\n\nTemplate.dragdrop.rendered = function() {\n  var myDropzone = new Dropzone(\"div#myId\", { url: \"/upload\", uploadMultiple:true, method:'post', maxfiles:5});;\n\n  myDropzone.on(\"queuecomplete\", function() {\n    Session.set('gifImage',null);\n    gifShot(myDropzone.files);\n  });\n}\n\nTemplate.gif.helpers({\n  gifImage: function() {\n    return Session.get('gifImage');\n  }\n})\n\nfunction toDataURL(url, callback){\n  var xhr = new XMLHttpRequest();\n  xhr.open('get', url);\n  xhr.responseType = 'blob';\n  xhr.onload = function(){\n    var fr = new FileReader();\n  \n    fr.onload = function(){\n      callback(this.result);\n    };\n  \n    fr.readAsDataURL(xhr.response); // async call\n  };\n  \n  xhr.send();\n}\n\n\nlet images = [];\n\nfunction pFileReader(file){\n  return new Promise((resolve, reject) => {\n    var fr = new FileReader();  \n    fr.onload = function(){\n      images.push(this.result);\n      resolve();\n    };\n    fr.readAsDataURL(file);\n  });\n}\n\nfunction gifShot(inputFiles) {\n\n  images = [];\n\n  var promise = Promise.resolve();\n  inputFiles.files.map( file => promise.then(()=> pFileReader(file)));\n  promise.then(() => \n    gifshot.createGIF({\n      images: images,\n      interval:.8\n    },function(obj) {\n      if(!obj.error) {\n        Session.set('gifImage',obj.image);\n      }\n  }));\n  \n \n  // for (let file of files) {\n\n  //     toDataURL('http://localhost:3000/uploads/' + file.name,function(response){\n  //       images.push(response);\n        \n  //       if(gifshot.isExistingImagesGIFSupported()){\n\n  //         gifshot.createGIF({\n  //           images: images,\n  //           interval:.8\n  //         },function(obj) {\n  //           if(!obj.error) {\n  //             Session.set('gifImage',obj.image);\n  //           }\n  //         });\n  //       }\n  //     })\n  // }\n\n\n\n}\n"]},"hash":"4f8d16f1386340a0878131fc2e8e2eabe9b79d6d"}
