{"metadata":{"usedHelpers":[],"marked":[],"modules":{"imports":[],"exports":{"exported":[],"specifiers":[]}}},"options":{"filename":"packages/bmcdonald:gif-builder/gif-builder-template.js","filenameRelative":"packages/bmcdonald:gif-builder/gif-builder-template.js","env":{"development":{"plugins":[]}},"retainLines":false,"highlightCode":true,"suppressDeprecationMessages":false,"presets":[],"plugins":[[[],{"generateLetDeclarations":true,"enforceStrictMode":false}],[[],null],[[],{"polyfill":false}],[[],null],[[],null],[[],null],[[],{"allowTopLevelThis":true,"strict":false,"loose":true}],[[],null],[[],null],[[],null],[[],null],[[],null],[[],null],[[],null],[[],null],[[],null],[[],null],[[],null],[[],null],[[],{"loose":true}],[[],{"loose":true}],[[],null],[[],{"loose":true}],[[],null],[[],null],[[],null],[[],null],[[],null],[[],null],[[],{"loose":true}],[[],null],[[],null],[[],null],[[],null],[[],null],[[],null],[[],null]],"ignore":[],"code":true,"metadata":true,"ast":true,"comments":true,"compact":false,"minified":false,"sourceMap":true,"sourceMaps":true,"sourceMapTarget":"packages/bmcdonald:gif-builder/gif-builder-template.js.map","sourceFileName":"packages/bmcdonald:gif-builder/gif-builder-template.js","babelrc":false,"sourceType":"module","moduleIds":false,"passPerPreset":false,"parserOpts":false,"generatorOpts":false,"basename":"gif-builder-template"},"ignored":false,"code":"Template.gifbuilder.onRendered(function () {\n    var myDropzone = new Dropzone(\"div#dropZone\", {\n        url: \"/uploads~\",\n        uploadMultiple: true,\n        addRemoveLinks: true,\n        autoDiscovery: false,\n        maxFiles: 5\n    });\n    ;\n});","map":{"version":3,"sources":["packages/bmcdonald:gif-builder/gif-builder-template.js"],"names":["Template","gifbuilder","onRendered","myDropzone","Dropzone","url","uploadMultiple","addRemoveLinks","autoDiscovery","maxFiles"],"mappings":"AAGAA,SAASC,UAAT,CAAoBC,UAApB,CAA+B,YAAU;AACrC,QAAIC,aAAa,IAAIC,QAAJ,CAAa,cAAb,EAA6B;AAAEC,aAAK,WAAP;AAAoBC,wBAAe,IAAnC;AAA2CC,wBAAe,IAA1D;AAAgEC,uBAAc,KAA9E;AAAqFC,kBAAS;AAA9F,KAA7B,CAAjB;AAAgJ;AACnJ,CAFD","file":"packages/bmcdonald:gif-builder/gif-builder-template.js.map","sourcesContent":["\n\n\nTemplate.gifbuilder.onRendered(function(){ \n    var myDropzone = new Dropzone(\"div#dropZone\", { url: \"/uploads~\", uploadMultiple:true,   addRemoveLinks:true, autoDiscovery:false, maxFiles:5});;\n})"]},"hash":"56098df57c625a38bf6203142ab52ca996c4b3ef"}
