{"metadata":{"usedHelpers":[],"marked":[],"modules":{"imports":[],"exports":{"exported":[],"specifiers":[]}}},"options":{"filename":"packages/bmcdonald:gif-builder/gif-builder-template.js","filenameRelative":"packages/bmcdonald:gif-builder/gif-builder-template.js","env":{"development":{"plugins":[]}},"retainLines":false,"highlightCode":true,"suppressDeprecationMessages":false,"presets":[],"plugins":[[[],{"generateLetDeclarations":true,"enforceStrictMode":false}],[[],null],[[],{"polyfill":false}],[[],null],[[],null],[[],null],[[],{"allowTopLevelThis":true,"strict":false,"loose":true}],[[],null],[[],null],[[],null],[[],null],[[],null],[[],null],[[],null],[[],null],[[],null],[[],null],[[],null],[[],null],[[],{"loose":true}],[[],{"loose":true}],[[],null],[[],{"loose":true}],[[],null],[[],null],[[],null],[[],null],[[],null],[[],null],[[],{"loose":true}],[[],null],[[],null],[[],null],[[],null],[[],null],[[],null],[[],null]],"ignore":[],"code":true,"metadata":true,"ast":true,"comments":true,"compact":false,"minified":false,"sourceMap":true,"sourceMaps":true,"sourceMapTarget":"packages/bmcdonald:gif-builder/gif-builder-template.js.map","sourceFileName":"packages/bmcdonald:gif-builder/gif-builder-template.js","babelrc":false,"sourceType":"module","moduleIds":false,"passPerPreset":false,"parserOpts":false,"generatorOpts":false,"basename":"gif-builder-template"},"ignored":false,"code":"Session.set('gifImage', null);\nTemplate.gifbuilder.onRendered(function () {\n  var myDropzone = new Dropzone(\"div#dropZone\", {\n    url: \"/uploads~\",\n    uploadMultiple: true,\n    addRemoveLinks: true,\n    autoDiscovery: false,\n    maxFiles: 5\n  });\n  myDropzone.on(\"queuecomplete\", function () {\n    var actions = myDropzone.files.map(fn);\n    var results = Promise.all(actions);\n    results.then(function (images) {\n      return gifshot.createGIF({\n        images: images,\n        interval: .8\n      }, function (obj) {\n        if (!obj.error) {\n          Session.set('gifImage', obj.image);\n        }\n      });\n    });\n  });\n});\nTemplate.gifRender.helpers({\n  gifImage: function () {\n    return Session.get('gifImage');\n  }\n});\n\nvar fn = function () {\n  function pFileReader(file) {\n    return new Promise(function (resolve, reject) {\n      var fr = new FileReader();\n\n      fr.onload = function () {\n        resolve(this.result);\n      };\n\n      fr.readAsDataURL(file);\n    });\n  }\n\n  return pFileReader;\n}();","map":{"version":3,"sources":["packages/bmcdonald:gif-builder/gif-builder-template.js"],"names":["Session","set","Template","gifbuilder","onRendered","myDropzone","Dropzone","url","uploadMultiple","addRemoveLinks","autoDiscovery","maxFiles","on","actions","files","map","fn","results","Promise","all","then","gifshot","createGIF","images","interval","obj","error","image","gifRender","helpers","gifImage","get","pFileReader","file","resolve","reject","fr","FileReader","onload","result","readAsDataURL"],"mappings":"AACAA,QAAQC,GAAR,CAAY,UAAZ,EAAuB,IAAvB;AAEAC,SAASC,UAAT,CAAoBC,UAApB,CAA+B,YAAU;AACrC,MAAIC,aAAa,IAAIC,QAAJ,CAAa,cAAb,EAA6B;AAAEC,SAAK,WAAP;AAAoBC,oBAAe,IAAnC;AAA2CC,oBAAe,IAA1D;AAAgEC,mBAAc,KAA9E;AAAqFC,cAAS;AAA9F,GAA7B,CAAjB;AAEAN,aAAWO,EAAX,CAAc,eAAd,EAA+B,YAAW;AAElC,QAAIC,UAAUR,WAAWS,KAAX,CAAiBC,GAAjB,CAAqBC,EAArB,CAAd;AACA,QAAIC,UAAUC,QAAQC,GAAR,CAAYN,OAAZ,CAAd;AAEAI,YAAQG,IAAR,CAAa;AAAA,aACTC,QAAQC,SAAR,CAAkB;AAClBC,gBAAQA,MADU;AAElBC,kBAAS;AAFS,OAAlB,EAGA,UAASC,GAAT,EAAc;AACV,YAAG,CAACA,IAAIC,KAAR,EAAe;AACb1B,kBAAQC,GAAR,CAAY,UAAZ,EAAuBwB,IAAIE,KAA3B;AACD;AACF,OAPH,CADS;AAAA,KAAb;AAUD,GAfP;AAgBH,CAnBD;AAqBAzB,SAAS0B,SAAT,CAAmBC,OAAnB,CAA2B;AACvBC,YAAU,YAAW;AACnB,WAAO9B,QAAQ+B,GAAR,CAAY,UAAZ,CAAP;AACD;AAHsB,CAA3B;;AAMA,IAAIf;AAAK,WAASgB,WAAT,CAAqBC,IAArB,EAA0B;AAC/B,WAAO,IAAIf,OAAJ,CAAY,UAACgB,OAAD,EAAUC,MAAV,EAAqB;AACtC,UAAIC,KAAK,IAAIC,UAAJ,EAAT;;AACAD,SAAGE,MAAH,GAAY,YAAU;AACpBJ,gBAAQ,KAAKK,MAAb;AACD,OAFD;;AAGAH,SAAGI,aAAH,CAAiBP,IAAjB;AACD,KANM,CAAP;AAOD;;AARC,SAAcD,WAAd;AAAA,GAAJ","file":"packages/bmcdonald:gif-builder/gif-builder-template.js.map","sourcesContent":["\nSession.set('gifImage',null);\n\nTemplate.gifbuilder.onRendered(function(){ \n    var myDropzone = new Dropzone(\"div#dropZone\", { url: \"/uploads~\", uploadMultiple:true,   addRemoveLinks:true, autoDiscovery:false, maxFiles:5});\n\n    myDropzone.on(\"queuecomplete\", function() {\n        \n            var actions = myDropzone.files.map(fn);\n            var results = Promise.all(actions);\n          \n            results.then(images => \n                gifshot.createGIF({\n                images: images,\n                interval:.8\n              },function(obj) {\n                    if(!obj.error) {\n                      Session.set('gifImage',obj.image);\n                    }\n                  })\n              );\n          });\n})\n\nTemplate.gifRender.helpers({\n    gifImage: function() {\n      return Session.get('gifImage');\n    }\n  })\n\nvar fn = function pFileReader(file){\n    return new Promise((resolve, reject) => {\n      var fr = new FileReader();  \n      fr.onload = function(){\n        resolve(this.result);\n      };\n      fr.readAsDataURL(file);\n    });\n  }"]},"hash":"5a64645fa6c597f2dd76af9b95449e2cb9c9d2b0"}
