{"metadata":{"usedHelpers":[],"marked":[],"modules":{"imports":[{"source":"meteor/templating","imported":["Template"],"specifiers":[{"kind":"named","imported":"Template","local":"Template"}]},{"source":"meteor/reactive-var","imported":["ReactiveVar"],"specifiers":[{"kind":"named","imported":"ReactiveVar","local":"ReactiveVar"}]},{"source":"chfritz:filedrop","imported":["MyFiledDrop"],"specifiers":[{"kind":"named","imported":"MyFiledDrop","local":"MyFiledDrop"}]},{"source":"./main.html","imported":[],"specifiers":[]}],"exports":{"exported":[],"specifiers":[]}}},"options":{"filename":"client/main.js","filenameRelative":"client/main.js","env":{"development":{"plugins":[]}},"retainLines":false,"highlightCode":true,"suppressDeprecationMessages":false,"presets":[],"plugins":[[[],{"generateLetDeclarations":true,"enforceStrictMode":false}],[[],null],[[],{"polyfill":false}],[[],null],[[],null],[[],null],[[],{"allowTopLevelThis":true,"strict":false,"loose":true}],[[],null],[[],null],[[],null],[[],null],[[],null],[[],null],[[],null],[[],null],[[],null],[[],null],[[],null],[[],null],[[],{"loose":true}],[[],{"loose":true}],[[],null],[[],{"loose":true}],[[],null],[[],null],[[],null],[[],null],[[],null],[[],null],[[],{"loose":true}],[[],null],[[],null],[[],null],[[],null],[[],null],[[],null],[[],null]],"ignore":[],"code":true,"metadata":true,"ast":true,"comments":true,"compact":false,"minified":false,"sourceMap":true,"sourceMaps":true,"sourceMapTarget":"client/main.js.map","sourceFileName":"client/main.js","babelrc":false,"sourceType":"module","moduleIds":false,"passPerPreset":false,"parserOpts":false,"generatorOpts":false,"basename":"main"},"ignored":false,"code":"var Template = void 0;\nmodule.watch(require(\"meteor/templating\"), {\n  Template: function (v) {\n    Template = v;\n  }\n}, 0);\nvar ReactiveVar = void 0;\nmodule.watch(require(\"meteor/reactive-var\"), {\n  ReactiveVar: function (v) {\n    ReactiveVar = v;\n  }\n}, 1);\nvar MyFiledDrop = void 0;\nmodule.watch(require(\"chfritz:filedrop\"), {\n  MyFiledDrop: function (v) {\n    MyFiledDrop = v;\n  }\n}, 2);\nmodule.watch(require(\"./main.html\"));\nTemplate.MyFiledDrop.onCreated(function () {\n  function dragpicOnCreated() {\n    // counter starts at 0\n    console.log('drag pic');\n  }\n\n  return dragpicOnCreated;\n}());\nTemplate.MyFiledDrop.helpers({\n  dropHandlers: function () {\n    return {\n      onEnter: function (event) {\n        console.log(\"enter\", event);\n      },\n      onDrop: function (files) {\n        console.log(\"dropped\", files);\n      }\n    };\n  }\n});\nTemplate.hello.onCreated(function () {\n  function helloOnCreated() {\n    // counter starts at 0\n    this.counter = new ReactiveVar(0);\n    console.log('hello');\n  }\n\n  return helloOnCreated;\n}());\nTemplate.hello.helpers({\n  counter: function () {\n    return Template.instance().counter.get();\n  }\n});\nTemplate.hello.events({\n  'click button': function (event, instance) {\n    // increment the counter when button is clicked\n    instance.counter.set(instance.counter.get() + 1);\n  }\n});","map":{"version":3,"sources":["client/main.js"],"names":["Template","module","watch","require","v","ReactiveVar","MyFiledDrop","onCreated","dragpicOnCreated","console","log","helpers","dropHandlers","onEnter","event","onDrop","files","hello","helloOnCreated","counter","instance","get","events","set"],"mappings":"AAAA,IAAIA,iBAAJ;AAAaC,OAAOC,KAAP,CAAaC,QAAQ,mBAAR,CAAb,EAA0C;AAACH,UAAD,YAAUI,CAAV,EAAY;AAACJ,eAASI,CAAT;AAAW;AAAxB,CAA1C,EAAoE,CAApE;AAAuE,IAAIC,oBAAJ;AAAgBJ,OAAOC,KAAP,CAAaC,QAAQ,qBAAR,CAAb,EAA4C;AAACE,aAAD,YAAaD,CAAb,EAAe;AAACC,kBAAYD,CAAZ;AAAc;AAA9B,CAA5C,EAA4E,CAA5E;AAA+E,IAAIE,oBAAJ;AAAgBL,OAAOC,KAAP,CAAaC,QAAQ,kBAAR,CAAb,EAAyC;AAACG,aAAD,YAAaF,CAAb,EAAe;AAACE,kBAAYF,CAAZ;AAAc;AAA9B,CAAzC,EAAyE,CAAzE;AAA4EH,OAAOC,KAAP,CAAaC,QAAQ,aAAR,CAAb;AAM/QH,SAASM,WAAT,CAAqBC,SAArB;AAA+B,WAASC,gBAAT,GAA4B;AACzD;AACAC,YAAQC,GAAR,CAAY,UAAZ;AACD;;AAHD,SAAwCF,gBAAxC;AAAA;AAKAR,SAASM,WAAT,CAAqBK,OAArB,CAA6B;AAC3BC,gBAAc,YAAW;AACrB,WAAO;AACHC,eAAS,UAASC,KAAT,EAAgB;AACrBL,gBAAQC,GAAR,CAAY,OAAZ,EAAqBI,KAArB;AACH,OAHE;AAIHC,cAAQ,UAASC,KAAT,EAAgB;AACpBP,gBAAQC,GAAR,CAAY,SAAZ,EAAuBM,KAAvB;AACH;AANE,KAAP;AAQH;AAV0B,CAA7B;AAcAhB,SAASiB,KAAT,CAAeV,SAAf;AAAyB,WAASW,cAAT,GAA0B;AACjD;AACA,SAAKC,OAAL,GAAe,IAAId,WAAJ,CAAgB,CAAhB,CAAf;AACAI,YAAQC,GAAR,CAAY,OAAZ;AACD;;AAJD,SAAkCQ,cAAlC;AAAA;AAMAlB,SAASiB,KAAT,CAAeN,OAAf,CAAuB;AACrBQ,SADqB,cACX;AACR,WAAOnB,SAASoB,QAAT,GAAoBD,OAApB,CAA4BE,GAA5B,EAAP;AACD;AAHoB,CAAvB;AAMArB,SAASiB,KAAT,CAAeK,MAAf,CAAsB;AACpB,gBADoB,YACLR,KADK,EACEM,QADF,EACY;AAC9B;AACAA,aAASD,OAAT,CAAiBI,GAAjB,CAAqBH,SAASD,OAAT,CAAiBE,GAAjB,KAAyB,CAA9C;AACD;AAJmB,CAAtB","file":"client/main.js.map","sourcesContent":["import { Template } from 'meteor/templating';\nimport { ReactiveVar } from 'meteor/reactive-var';\nimport { MyFiledDrop } from 'chfritz:filedrop';\n\nimport './main.html';\n\nTemplate.MyFiledDrop.onCreated(function dragpicOnCreated() {\n  // counter starts at 0\n  console.log('drag pic');\n});\n\nTemplate.MyFiledDrop.helpers({\n  dropHandlers: function() {\n      return {\n          onEnter: function(event) {\n              console.log(\"enter\", event);\n          },\n          onDrop: function(files) {\n              console.log(\"dropped\", files);\n          }\n      };\n  },\n});\n\n\nTemplate.hello.onCreated(function helloOnCreated() {\n  // counter starts at 0\n  this.counter = new ReactiveVar(0);\n  console.log('hello');\n});\n\nTemplate.hello.helpers({\n  counter() {\n    return Template.instance().counter.get();\n  },\n});\n\nTemplate.hello.events({\n  'click button'(event, instance) {\n    // increment the counter when button is clicked\n    instance.counter.set(instance.counter.get() + 1);\n  },\n});\n"]},"hash":"5f334abb0aa7dae2d0dad29d7b3eb350f8f38f52"}
