{"metadata":{"usedHelpers":[],"marked":[],"modules":{"imports":[],"exports":{"exported":["name"],"specifiers":[{"kind":"local","local":"name","exported":"name"}]}}},"options":{"filename":"packages/bmcdonald:gif-builder/gif-builder.js","filenameRelative":"packages/bmcdonald:gif-builder/gif-builder.js","env":{"development":{"plugins":[]}},"retainLines":false,"highlightCode":true,"suppressDeprecationMessages":false,"presets":[],"plugins":[[[],{"generateLetDeclarations":true,"enforceStrictMode":false}],[[],null],[[],{"polyfill":false}],[[],null],[[],null],[[],null],[[],{"allowTopLevelThis":true,"strict":false,"loose":true}],[[],null],[[],null],[[],null],[[],null],[[],null],[[],null],[[],null],[[],null],[[],null],[[],null],[[],null],[[],null],[[],{"loose":true}],[[],{"loose":true}],[[],null],[[],{"loose":true}],[[],null],[[],null],[[],null],[[],null],[[],null],[[],null],[[],{"loose":true}],[[],null],[[],null],[[],null],[[],null],[[],null],[[],null],[[],null]],"ignore":[],"code":true,"metadata":true,"ast":true,"comments":true,"compact":false,"minified":false,"sourceMap":true,"sourceMaps":true,"sourceMapTarget":"packages/bmcdonald:gif-builder/gif-builder.js.map","sourceFileName":"packages/bmcdonald:gif-builder/gif-builder.js","babelrc":false,"sourceType":"module","moduleIds":false,"passPerPreset":false,"parserOpts":false,"generatorOpts":false,"basename":"gif-builder"},"ignored":false,"code":"var module1 = module;\nmodule1.export({\n    name: function () {\n        return name;\n    }\n});\n// Write your package code here!\nTemplate.gifbuilder.onRendered(function () {\n    debugger;\n}); // Variables exported by this module can be imported by other packages and\n// applications. See gif-builder-tests.js for an example of importing.\n\nvar name = 'gifbuilder';","map":{"version":3,"sources":["packages/bmcdonald:gif-builder/gif-builder.js"],"names":["module1","module","export","name","Template","gifbuilder","onRendered"],"mappings":"AAAA,IAAMA,UAAQC,MAAd;AAAqBD,QAAQE,MAAR,CAAe;AAACC,UAAK;AAAA,eAAIA,IAAJ;AAAA;AAAN,CAAf;AAArB;AAGAC,SAASC,UAAT,CAAoBC,UAApB,CAA+B,YAAU;AACrC;AACH,CAFD,E,CAIA;AACA;;AACO,IAAMH,OAAO,YAAb","file":"packages/bmcdonald:gif-builder/gif-builder.js.map","sourcesContent":["// Write your package code here!\n\n\nTemplate.gifbuilder.onRendered(function(){\n    debugger; \n});\n\n// Variables exported by this module can be imported by other packages and\n// applications. See gif-builder-tests.js for an example of importing.\nexport const name = 'gifbuilder';\n\n\n"]},"hash":"62d382fa55a04f48e783319dc010a7d2fcc71ea1"}
