{"metadata":{"usedHelpers":[],"marked":[],"modules":{"imports":[],"exports":{"exported":[],"specifiers":[]}}},"options":{"filename":"packages/bmcdonald:gif-builder/gif-builder-template.js","filenameRelative":"packages/bmcdonald:gif-builder/gif-builder-template.js","env":{"development":{"plugins":[]}},"retainLines":false,"highlightCode":true,"suppressDeprecationMessages":false,"presets":[],"plugins":[[[],{"generateLetDeclarations":true,"enforceStrictMode":false}],[[],null],[[],{"polyfill":false}],[[],null],[[],null],[[],null],[[],{"allowTopLevelThis":true,"strict":false,"loose":true}],[[],null],[[],null],[[],null],[[],null],[[],null],[[],null],[[],null],[[],null],[[],null],[[],null],[[],null],[[],null],[[],{"loose":true}],[[],{"loose":true}],[[],null],[[],{"loose":true}],[[],null],[[],null],[[],null],[[],null],[[],null],[[],null],[[],{"loose":true}],[[],null],[[],null],[[],null],[[],null],[[],null],[[],null],[[],null]],"ignore":[],"code":true,"metadata":true,"ast":true,"comments":true,"compact":false,"minified":false,"sourceMap":true,"sourceMaps":true,"sourceMapTarget":"packages/bmcdonald:gif-builder/gif-builder-template.js.map","sourceFileName":"packages/bmcdonald:gif-builder/gif-builder-template.js","babelrc":false,"sourceType":"module","moduleIds":false,"passPerPreset":false,"parserOpts":false,"generatorOpts":false,"basename":"gif-builder-template"},"ignored":false,"code":"Session.set('gifImage', null);\nSession.set('interval', \".8\");\nTemplate.gifbuilder.onRendered(function () {\n  var myDropzone = new Dropzone(\"div#dropZone\", {\n    url: \"/uploads~\",\n    uploadMultiple: true,\n    addRemoveLinks: true,\n    autoDiscovery: false,\n    maxFiles: 5\n  });\n  myDropzone.on(\"queuecomplete\", function () {\n    debugger;\n    var actions = myDropzone.files.map(fn);\n    var results = Promise.all(actions);\n    results.then(function (images) {\n      return gifshot.createGIF({\n        images: images,\n        interval: Session.get('interval')\n      }, function (obj) {\n        if (!obj.error) {\n          Session.set('gifImage', obj.image);\n        }\n      });\n    });\n  });\n});\nTemplate.gifbuilder.helpers({\n  gifImage: function () {\n    return Session.get('gifImage');\n  },\n  interval: function () {\n    return Session.get('interval');\n  }\n});\nTemplate.gifbuilder.events({\n  'keyup #interval': function (event) {\n    debugger;\n    Session.set('interval', event.key);\n  }\n});\n\nvar fn = function () {\n  function pFileReader(file) {\n    return new Promise(function (resolve, reject) {\n      var fr = new FileReader();\n\n      fr.onload = function () {\n        resolve(this.result);\n      };\n\n      fr.readAsDataURL(file);\n    });\n  }\n\n  return pFileReader;\n}();","map":{"version":3,"sources":["packages/bmcdonald:gif-builder/gif-builder-template.js"],"names":["Session","set","Template","gifbuilder","onRendered","myDropzone","Dropzone","url","uploadMultiple","addRemoveLinks","autoDiscovery","maxFiles","on","actions","files","map","fn","results","Promise","all","then","gifshot","createGIF","images","interval","get","obj","error","image","helpers","gifImage","events","event","key","pFileReader","file","resolve","reject","fr","FileReader","onload","result","readAsDataURL"],"mappings":"AACAA,QAAQC,GAAR,CAAY,UAAZ,EAAuB,IAAvB;AACAD,QAAQC,GAAR,CAAY,UAAZ,EAAuB,IAAvB;AAEAC,SAASC,UAAT,CAAoBC,UAApB,CAA+B,YAAU;AACrC,MAAIC,aAAa,IAAIC,QAAJ,CAAa,cAAb,EAA6B;AAAEC,SAAK,WAAP;AAAoBC,oBAAe,IAAnC;AAA2CC,oBAAe,IAA1D;AAAgEC,mBAAc,KAA9E;AAAqFC,cAAS;AAA9F,GAA7B,CAAjB;AAEAN,aAAWO,EAAX,CAAc,eAAd,EAA+B,YAAW;AAClC;AACA,QAAIC,UAAUR,WAAWS,KAAX,CAAiBC,GAAjB,CAAqBC,EAArB,CAAd;AACA,QAAIC,UAAUC,QAAQC,GAAR,CAAYN,OAAZ,CAAd;AAEAI,YAAQG,IAAR,CAAa;AAAA,aACTC,QAAQC,SAAR,CAAkB;AAClBC,gBAAQA,MADU;AAElBC,kBAAUxB,QAAQyB,GAAR,CAAY,UAAZ;AAFQ,OAAlB,EAGA,UAASC,GAAT,EAAc;AACV,YAAG,CAACA,IAAIC,KAAR,EAAe;AACb3B,kBAAQC,GAAR,CAAY,UAAZ,EAAuByB,IAAIE,KAA3B;AACD;AACF,OAPH,CADS;AAAA,KAAb;AAUD,GAfP;AAgBH,CAnBD;AAqBA1B,SAASC,UAAT,CAAoB0B,OAApB,CAA4B;AACxBC,YAAU,YAAW;AACnB,WAAO9B,QAAQyB,GAAR,CAAY,UAAZ,CAAP;AACD,GAHuB;AAIxBD,YAAU,YAAW;AACjB,WAAOxB,QAAQyB,GAAR,CAAY,UAAZ,CAAP;AACD;AANqB,CAA5B;AASEvB,SAASC,UAAT,CAAoB4B,MAApB,CAA2B;AACzB,qBAAmB,UAASC,KAAT,EAAgB;AAC/B;AACAhC,YAAQC,GAAR,CAAY,UAAZ,EAAwB+B,MAAMC,GAA9B;AACH;AAJwB,CAA3B;;AAOF,IAAIjB;AAAK,WAASkB,WAAT,CAAqBC,IAArB,EAA0B;AAC/B,WAAO,IAAIjB,OAAJ,CAAY,UAACkB,OAAD,EAAUC,MAAV,EAAqB;AACtC,UAAIC,KAAK,IAAIC,UAAJ,EAAT;;AACAD,SAAGE,MAAH,GAAY,YAAU;AACpBJ,gBAAQ,KAAKK,MAAb;AACD,OAFD;;AAGAH,SAAGI,aAAH,CAAiBP,IAAjB;AACD,KANM,CAAP;AAOD;;AARC,SAAcD,WAAd;AAAA,GAAJ","file":"packages/bmcdonald:gif-builder/gif-builder-template.js.map","sourcesContent":["\nSession.set('gifImage',null);\nSession.set('interval',\".8\");\n\nTemplate.gifbuilder.onRendered(function(){ \n    var myDropzone = new Dropzone(\"div#dropZone\", { url: \"/uploads~\", uploadMultiple:true,   addRemoveLinks:true, autoDiscovery:false, maxFiles:5});\n\n    myDropzone.on(\"queuecomplete\", function() {\n            debugger;\n            var actions = myDropzone.files.map(fn);\n            var results = Promise.all(actions);\n          \n            results.then(images => \n                gifshot.createGIF({\n                images: images,\n                interval: Session.get('interval')\n              },function(obj) {\n                    if(!obj.error) {\n                      Session.set('gifImage',obj.image);\n                    }\n                  })\n              );\n          });\n})\n\nTemplate.gifbuilder.helpers({\n    gifImage: function() {\n      return Session.get('gifImage');\n    },\n    interval: function() {\n        return Session.get('interval');\n      }\n  })\n\n  Template.gifbuilder.events({\n    'keyup #interval': function(event) {\n        debugger;\n        Session.set('interval', event.key );\n    }\n  })\n\nvar fn = function pFileReader(file){\n    return new Promise((resolve, reject) => {\n      var fr = new FileReader();  \n      fr.onload = function(){\n        resolve(this.result);\n      };\n      fr.readAsDataURL(file);\n    });\n  }"]},"hash":"677e6268244cf5ebddc9de1249436e293b1f2c59"}
