{"metadata":{"usedHelpers":[],"marked":[],"modules":{"imports":[],"exports":{"exported":[],"specifiers":[]}}},"options":{"filename":"packages/webapp-hashing/webapp-hashing.js","filenameRelative":"packages/webapp-hashing/webapp-hashing.js","env":{"development":{"plugins":[]}},"retainLines":false,"highlightCode":true,"suppressDeprecationMessages":false,"presets":[],"plugins":[[[],{"generateLetDeclarations":true,"enforceStrictMode":false}],[[],null],[[],{"polyfill":false}],[[],null],[[],null],[[],null],[[],{"allowTopLevelThis":true,"strict":false,"loose":true}],[[],null],[[],null],[[],null],[[],null],[[],null],[[],null],[[],null],[[],null],[[],null],[[],null],[[],null],[[],null],[[],{"loose":true}],[[],{"loose":true}],[[],null],[[],{"loose":true}],[[],null],[[],null],[[],null],[[],null],[[],null],[[],null],[[],{"loose":true}],[[],null],[[],null],[[],null],[[],null],[[],null],[[],null],[[],null]],"ignore":[],"code":true,"metadata":true,"ast":true,"comments":true,"compact":false,"minified":false,"sourceMap":true,"sourceMaps":true,"sourceMapTarget":"packages/webapp-hashing/webapp-hashing.js.map","sourceFileName":"packages/webapp-hashing/webapp-hashing.js","babelrc":false,"sourceType":"module","moduleIds":false,"passPerPreset":false,"parserOpts":false,"generatorOpts":false,"basename":"webapp-hashing"},"ignored":false,"code":"var crypto = Npm.require(\"crypto\");\n\nWebAppHashing = {}; // Calculate a hash of all the client resources downloaded by the\n// browser, including the application HTML, runtime config, code, and\n// static files.\n//\n// This hash *must* change if any resources seen by the browser\n// change, and ideally *doesn't* change for any server-only changes\n// (but the second is a performance enhancement, not a hard\n// requirement).\n\nWebAppHashing.calculateClientHash = function (manifest, includeFilter, runtimeConfigOverride) {\n  var hash = crypto.createHash('sha1'); // Omit the old hashed client values in the new hash. These may be\n  // modified in the new boilerplate.\n\n  var runtimeCfg = _.omit(__meteor_runtime_config__, ['autoupdateVersion', 'autoupdateVersionRefreshable', 'autoupdateVersionCordova']);\n\n  if (runtimeConfigOverride) {\n    runtimeCfg = runtimeConfigOverride;\n  }\n\n  hash.update(JSON.stringify(runtimeCfg, 'utf8'));\n\n  _.each(manifest, function (resource) {\n    if ((!includeFilter || includeFilter(resource.type)) && (resource.where === 'client' || resource.where === 'internal')) {\n      hash.update(resource.path);\n      hash.update(resource.hash);\n    }\n  });\n\n  return hash.digest('hex');\n};\n\nWebAppHashing.calculateCordovaCompatibilityHash = function (platformVersion, pluginVersions) {\n  var hash = crypto.createHash('sha1');\n  hash.update(platformVersion); // Sort plugins first so iteration order doesn't affect the hash\n\n  var plugins = Object.keys(pluginVersions).sort();\n\n  for (var _iterator = plugins, _isArray = Array.isArray(_iterator), _i = 0, _iterator = _isArray ? _iterator : _iterator[Symbol.iterator]();;) {\n    var _ref;\n\n    if (_isArray) {\n      if (_i >= _iterator.length) break;\n      _ref = _iterator[_i++];\n    } else {\n      _i = _iterator.next();\n      if (_i.done) break;\n      _ref = _i.value;\n    }\n\n    var plugin = _ref;\n    var version = pluginVersions[plugin];\n    hash.update(plugin);\n    hash.update(version);\n  }\n\n  return hash.digest('hex');\n};","map":{"version":3,"sources":["packages/webapp-hashing/webapp-hashing.js"],"names":["crypto","Npm","require","WebAppHashing","calculateClientHash","manifest","includeFilter","runtimeConfigOverride","hash","createHash","runtimeCfg","_","omit","__meteor_runtime_config__","update","JSON","stringify","each","resource","type","where","path","digest","calculateCordovaCompatibilityHash","platformVersion","pluginVersions","plugins","Object","keys","sort","plugin","version"],"mappings":"AAAA,IAAIA,SAASC,IAAIC,OAAJ,CAAY,QAAZ,CAAb;;AAEAC,gBAAgB,EAAhB,C,CAEA;AACA;AACA;AACA;AACA;AACA;AACA;AACA;;AAEAA,cAAcC,mBAAd,GACE,UAAUC,QAAV,EAAoBC,aAApB,EAAmCC,qBAAnC,EAA0D;AAC1D,MAAIC,OAAOR,OAAOS,UAAP,CAAkB,MAAlB,CAAX,CAD0D,CAG1D;AACA;;AACA,MAAIC,aAAaC,EAAEC,IAAF,CAAOC,yBAAP,EACf,CAAC,mBAAD,EAAsB,8BAAtB,EACC,0BADD,CADe,CAAjB;;AAIA,MAAIN,qBAAJ,EAA2B;AACzBG,iBAAaH,qBAAb;AACD;;AAEDC,OAAKM,MAAL,CAAYC,KAAKC,SAAL,CAAeN,UAAf,EAA2B,MAA3B,CAAZ;;AAEAC,IAAEM,IAAF,CAAOZ,QAAP,EAAiB,UAAUa,QAAV,EAAoB;AACjC,QAAI,CAAC,CAAEZ,aAAF,IAAmBA,cAAcY,SAASC,IAAvB,CAApB,MACCD,SAASE,KAAT,KAAmB,QAAnB,IAA+BF,SAASE,KAAT,KAAmB,UADnD,CAAJ,EACoE;AACpEZ,WAAKM,MAAL,CAAYI,SAASG,IAArB;AACAb,WAAKM,MAAL,CAAYI,SAASV,IAArB;AACD;AACF,GAND;;AAOA,SAAOA,KAAKc,MAAL,CAAY,KAAZ,CAAP;AACD,CAxBD;;AA0BAnB,cAAcoB,iCAAd,GACE,UAASC,eAAT,EAA0BC,cAA1B,EAA0C;AAC1C,MAAMjB,OAAOR,OAAOS,UAAP,CAAkB,MAAlB,CAAb;AAEAD,OAAKM,MAAL,CAAYU,eAAZ,EAH0C,CAK1C;;AACA,MAAME,UAAUC,OAAOC,IAAP,CAAYH,cAAZ,EAA4BI,IAA5B,EAAhB;;AACA,uBAAmBH,OAAnB,kHAA4B;AAAA;;AAAA;AAAA;AAAA;AAAA;AAAA;AAAA;AAAA;AAAA;;AAAA,QAAnBI,MAAmB;AAC1B,QAAMC,UAAUN,eAAeK,MAAf,CAAhB;AACAtB,SAAKM,MAAL,CAAYgB,MAAZ;AACAtB,SAAKM,MAAL,CAAYiB,OAAZ;AACD;;AAED,SAAOvB,KAAKc,MAAL,CAAY,KAAZ,CAAP;AACD,CAfD","file":"packages/webapp-hashing/webapp-hashing.js.map","sourcesContent":["var crypto = Npm.require(\"crypto\");\n\nWebAppHashing = {};\n\n// Calculate a hash of all the client resources downloaded by the\n// browser, including the application HTML, runtime config, code, and\n// static files.\n//\n// This hash *must* change if any resources seen by the browser\n// change, and ideally *doesn't* change for any server-only changes\n// (but the second is a performance enhancement, not a hard\n// requirement).\n\nWebAppHashing.calculateClientHash =\n  function (manifest, includeFilter, runtimeConfigOverride) {\n  var hash = crypto.createHash('sha1');\n\n  // Omit the old hashed client values in the new hash. These may be\n  // modified in the new boilerplate.\n  var runtimeCfg = _.omit(__meteor_runtime_config__,\n    ['autoupdateVersion', 'autoupdateVersionRefreshable',\n     'autoupdateVersionCordova']);\n\n  if (runtimeConfigOverride) {\n    runtimeCfg = runtimeConfigOverride;\n  }\n\n  hash.update(JSON.stringify(runtimeCfg, 'utf8'));\n\n  _.each(manifest, function (resource) {\n      if ((! includeFilter || includeFilter(resource.type)) &&\n          (resource.where === 'client' || resource.where === 'internal')) {\n      hash.update(resource.path);\n      hash.update(resource.hash);\n    }\n  });\n  return hash.digest('hex');\n};\n\nWebAppHashing.calculateCordovaCompatibilityHash =\n  function(platformVersion, pluginVersions) {\n  const hash = crypto.createHash('sha1');\n\n  hash.update(platformVersion);\n\n  // Sort plugins first so iteration order doesn't affect the hash\n  const plugins = Object.keys(pluginVersions).sort();\n  for (let plugin of plugins) {\n    const version = pluginVersions[plugin];\n    hash.update(plugin);\n    hash.update(version);\n  }\n\n  return hash.digest('hex');\n};\n"]},"hash":"732b510d946af6ac8e597c6978ec7aa9d99309cc"}
