{"metadata":{"usedHelpers":[],"marked":[],"modules":{"imports":[],"exports":{"exported":["meteorRuntimeConfig","rootUrlPathPrefix","inlineScriptsAllowed","css","js","additionalStaticJs","htmlAttributes","bundledJsCssUrlRewriteHook","head","body","dynamicHead","dynamicBody"],"specifiers":[{"kind":"local","local":"meteorRuntimeConfig","exported":"default"},{"kind":"local","local":"rootUrlPathPrefix","exported":"default"},{"kind":"local","local":"inlineScriptsAllowed","exported":"default"},{"kind":"local","local":"css","exported":"default"},{"kind":"local","local":"js","exported":"default"},{"kind":"local","local":"additionalStaticJs","exported":"default"},{"kind":"local","local":"htmlAttributes","exported":"default"},{"kind":"local","local":"bundledJsCssUrlRewriteHook","exported":"default"},{"kind":"local","local":"head","exported":"default"},{"kind":"local","local":"body","exported":"default"},{"kind":"local","local":"dynamicHead","exported":"default"},{"kind":"local","local":"dynamicBody","exported":"default"}]}}},"options":{"filename":"packages/boilerplate-generator/template-web.cordova.js","filenameRelative":"packages/boilerplate-generator/template-web.cordova.js","env":{"development":{"plugins":[]}},"retainLines":false,"highlightCode":true,"suppressDeprecationMessages":false,"presets":[],"plugins":[[[],{"generateLetDeclarations":true,"enforceStrictMode":false}],[[],null],[[],{"polyfill":false}],[[],null],[[],null],[[],null],[[],{"allowTopLevelThis":true,"strict":false,"loose":true}],[[],null],[[],null],[[],null],[[],null],[[],null],[[],null],[[],null],[[],null],[[],null],[[],null],[[],null],[[],null],[[],{"loose":true}],[[],{"loose":true}],[[],null],[[],{"loose":true}],[[],null],[[],null],[[],null],[[],null],[[],null],[[],null],[[],{"loose":true}],[[],null],[[],null],[[],null],[[],null],[[],null],[[],null],[[],null]],"ignore":[],"code":true,"metadata":true,"ast":true,"comments":true,"compact":false,"minified":false,"sourceMap":true,"sourceMaps":true,"sourceMapTarget":"packages/boilerplate-generator/template-web.cordova.js.map","sourceFileName":"packages/boilerplate-generator/template-web.cordova.js","babelrc":false,"sourceType":"module","moduleIds":false,"passPerPreset":false,"parserOpts":false,"generatorOpts":false,"basename":"template-web.cordova"},"ignored":false,"code":"module.exportDefault(function (_ref) {\n  var meteorRuntimeConfig = _ref.meteorRuntimeConfig,\n      rootUrlPathPrefix = _ref.rootUrlPathPrefix,\n      inlineScriptsAllowed = _ref.inlineScriptsAllowed,\n      css = _ref.css,\n      js = _ref.js,\n      additionalStaticJs = _ref.additionalStaticJs,\n      htmlAttributes = _ref.htmlAttributes,\n      bundledJsCssUrlRewriteHook = _ref.bundledJsCssUrlRewriteHook,\n      head = _ref.head,\n      body = _ref.body,\n      dynamicHead = _ref.dynamicHead,\n      dynamicBody = _ref.dynamicBody;\n  return [].concat(['<html>', '<head>', '  <meta charset=\"utf-8\">', '  <meta name=\"format-detection\" content=\"telephone=no\">', '  <meta name=\"viewport\" content=\"user-scalable=no, initial-scale=1, maximum-scale=1, minimum-scale=1, width=device-width, height=device-height\">', '  <meta name=\"msapplication-tap-highlight\" content=\"no\">', '  <meta http-equiv=\"Content-Security-Policy\" content=\"default-src * gap: data: blob: \\'unsafe-inline\\' \\'unsafe-eval\\' ws: wss:;\">'], // We are explicitly not using bundledJsCssUrlRewriteHook: in cordova we serve assets up directly from disk, so rewriting the URL does not make sense\n  _.map(css, function (_ref2) {\n    var url = _ref2.url;\n    return _.template('  <link rel=\"stylesheet\" type=\"text/css\" class=\"__meteor-css__\" href=\"<%- href %>\">')({\n      href: url\n    });\n  }), ['  <script type=\"text/javascript\">', _.template('    __meteor_runtime_config__ = JSON.parse(decodeURIComponent(<%= conf %>));')({\n    conf: meteorRuntimeConfig\n  }), '    if (/Android/i.test(navigator.userAgent)) {', // When Android app is emulated, it cannot connect to localhost,\n  // instead it should connect to 10.0.2.2\n  // (unless we\\'re using an http proxy; then it works!)\n  '      if (!__meteor_runtime_config__.httpProxyPort) {', '        __meteor_runtime_config__.ROOT_URL = (__meteor_runtime_config__.ROOT_URL || \\'\\').replace(/localhost/i, \\'10.0.2.2\\');', '        __meteor_runtime_config__.DDP_DEFAULT_CONNECTION_URL = (__meteor_runtime_config__.DDP_DEFAULT_CONNECTION_URL || \\'\\').replace(/localhost/i, \\'10.0.2.2\\');', '      }', '    }', '  </script>', '', '  <script type=\"text/javascript\" src=\"/cordova.js\"></script>'], _.map(js, function (_ref3) {\n    var url = _ref3.url;\n    return _.template('  <script type=\"text/javascript\" src=\"<%- src %>\"></script>')({\n      src: url\n    });\n  }), _.map(additionalStaticJs, function (_ref4) {\n    var contents = _ref4.contents,\n        pathname = _ref4.pathname;\n    return inlineScriptsAllowed ? _.template('  <script><%= contents %></script>')({\n      contents: contents\n    }) : _.template('  <script type=\"text/javascript\" src=\"<%- src %>\"></script>')({\n      src: rootUrlPathPrefix + pathname\n    });\n  }), ['', head, '</head>', '', '<body>', body, '</body>', '</html>']).join('\\n');\n});","map":{"version":3,"sources":["packages/boilerplate-generator/template-web.cordova.js"],"names":["module","exportDefault","meteorRuntimeConfig","rootUrlPathPrefix","inlineScriptsAllowed","css","js","additionalStaticJs","htmlAttributes","bundledJsCssUrlRewriteHook","head","body","dynamicHead","dynamicBody","concat","_","map","url","template","href","conf","src","contents","pathname","join"],"mappings":"AAAAA,OAAOC,aAAP,CAEe,gBAaZ;AAAA,MAZDC,mBAYC,QAZDA,mBAYC;AAAA,MAXDC,iBAWC,QAXDA,iBAWC;AAAA,MAVDC,oBAUC,QAVDA,oBAUC;AAAA,MATDC,GASC,QATDA,GASC;AAAA,MARDC,EAQC,QARDA,EAQC;AAAA,MAPDC,kBAOC,QAPDA,kBAOC;AAAA,MANDC,cAMC,QANDA,cAMC;AAAA,MALDC,0BAKC,QALDA,0BAKC;AAAA,MAJDC,IAIC,QAJDA,IAIC;AAAA,MAHDC,IAGC,QAHDA,IAGC;AAAA,MAFDC,WAEC,QAFDA,WAEC;AAAA,MADDC,WACC,QADDA,WACC;AACD,SAAO,GAAGC,MAAH,CACL,CACE,QADF,EAEE,QAFF,EAGE,0BAHF,EAIE,yDAJF,EAKE,kJALF,EAME,0DANF,EAOE,oIAPF,CADK,EAUL;AACAC,IAAEC,GAAF,CAAMX,GAAN,EAAW;AAAA,QAAEY,GAAF,SAAEA,GAAF;AAAA,WACTF,EAAEG,QAAF,CAAW,qFAAX,EAAkG;AAChGC,YAAMF;AAD0F,KAAlG,CADS;AAAA,GAAX,CAXK,EAgBL,CACE,mCADF,EAEEF,EAAEG,QAAF,CAAW,8EAAX,EAA2F;AACzFE,UAAMlB;AADmF,GAA3F,CAFF,EAKE,iDALF,EAME;AACA;AACA;AACA,yDATF,EAUE,gIAVF,EAWE,oKAXF,EAYE,SAZF,EAaE,OAbF,EAcE,aAdF,EAeE,EAfF,EAgBE,8DAhBF,CAhBK,EAkCLa,EAAEC,GAAF,CAAMV,EAAN,EAAU;AAAA,QAAEW,GAAF,SAAEA,GAAF;AAAA,WACRF,EAAEG,QAAF,CAAW,6DAAX,EAA0E;AACxEG,WAAKJ;AADmE,KAA1E,CADQ;AAAA,GAAV,CAlCK,EAwCLF,EAAEC,GAAF,CAAMT,kBAAN,EAA0B;AAAA,QAAEe,QAAF,SAAEA,QAAF;AAAA,QAAYC,QAAZ,SAAYA,QAAZ;AAAA,WACvBnB,uBACGW,EAAEG,QAAF,CAAW,oCAAX,EAAiD;AACjDI,gBAAUA;AADuC,KAAjD,CADH,GAIGP,EAAEG,QAAF,CAAW,6DAAX,EAA0E;AAC1EG,WAAKlB,oBAAoBoB;AADiD,KAA1E,CALoB;AAAA,GAA1B,CAxCK,EAkDL,CACE,EADF,EAEEb,IAFF,EAGE,SAHF,EAIE,EAJF,EAKE,QALF,EAMEC,IANF,EAOE,SAPF,EAQE,SARF,CAlDK,EA4DLa,IA5DK,CA4DA,IA5DA,CAAP;AA6DD,CA7ED","file":"packages/boilerplate-generator/template-web.cordova.js.map","sourcesContent":["// Template function for rendering the boilerplate html for cordova\n\nexport default function({\n  meteorRuntimeConfig,\n  rootUrlPathPrefix,\n  inlineScriptsAllowed,\n  css,\n  js,\n  additionalStaticJs,\n  htmlAttributes,\n  bundledJsCssUrlRewriteHook,\n  head,\n  body,\n  dynamicHead,\n  dynamicBody,\n}) {\n  return [].concat(\n    [\n      '<html>',\n      '<head>',\n      '  <meta charset=\"utf-8\">',\n      '  <meta name=\"format-detection\" content=\"telephone=no\">',\n      '  <meta name=\"viewport\" content=\"user-scalable=no, initial-scale=1, maximum-scale=1, minimum-scale=1, width=device-width, height=device-height\">',\n      '  <meta name=\"msapplication-tap-highlight\" content=\"no\">',\n      '  <meta http-equiv=\"Content-Security-Policy\" content=\"default-src * gap: data: blob: \\'unsafe-inline\\' \\'unsafe-eval\\' ws: wss:;\">',\n    ],\n    // We are explicitly not using bundledJsCssUrlRewriteHook: in cordova we serve assets up directly from disk, so rewriting the URL does not make sense\n    _.map(css, ({url}) =>\n      _.template('  <link rel=\"stylesheet\" type=\"text/css\" class=\"__meteor-css__\" href=\"<%- href %>\">')({\n        href: url\n      })\n    ),\n    [\n      '  <script type=\"text/javascript\">',\n      _.template('    __meteor_runtime_config__ = JSON.parse(decodeURIComponent(<%= conf %>));')({\n        conf: meteorRuntimeConfig\n      }),\n      '    if (/Android/i.test(navigator.userAgent)) {',\n      // When Android app is emulated, it cannot connect to localhost,\n      // instead it should connect to 10.0.2.2\n      // (unless we\\'re using an http proxy; then it works!)\n      '      if (!__meteor_runtime_config__.httpProxyPort) {',\n      '        __meteor_runtime_config__.ROOT_URL = (__meteor_runtime_config__.ROOT_URL || \\'\\').replace(/localhost/i, \\'10.0.2.2\\');',\n      '        __meteor_runtime_config__.DDP_DEFAULT_CONNECTION_URL = (__meteor_runtime_config__.DDP_DEFAULT_CONNECTION_URL || \\'\\').replace(/localhost/i, \\'10.0.2.2\\');',\n      '      }',\n      '    }',\n      '  </script>',\n      '',\n      '  <script type=\"text/javascript\" src=\"/cordova.js\"></script>'\n    ],\n    _.map(js, ({url}) =>\n      _.template('  <script type=\"text/javascript\" src=\"<%- src %>\"></script>')({\n        src: url\n      })\n    ),\n\n    _.map(additionalStaticJs, ({contents, pathname}) => (\n      (inlineScriptsAllowed\n        ? _.template('  <script><%= contents %></script>')({\n          contents: contents\n        })\n        : _.template('  <script type=\"text/javascript\" src=\"<%- src %>\"></script>')({\n          src: rootUrlPathPrefix + pathname\n        }))\n    )),\n\n    [\n      '',\n      head,\n      '</head>',\n      '',\n      '<body>',\n      body,\n      '</body>',\n      '</html>'\n    ],\n  ).join('\\n');\n}\n\n"]},"hash":"749ed3213df6a83601e67a7349f351b0062fa43b"}
