{"metadata":{"usedHelpers":[],"marked":[],"modules":{"imports":[],"exports":{"exported":[],"specifiers":[]}}},"options":{"filename":"packages/ddp-server/stream_server.js","filenameRelative":"packages/ddp-server/stream_server.js","env":{"development":{"plugins":[]}},"retainLines":false,"highlightCode":true,"suppressDeprecationMessages":false,"presets":[],"plugins":[[[],{"generateLetDeclarations":true,"enforceStrictMode":false}],[[],null],[[],{"polyfill":false}],[[],null],[[],null],[[],null],[[],{"allowTopLevelThis":true,"strict":false,"loose":true}],[[],null],[[],null],[[],null],[[],null],[[],null],[[],null],[[],null],[[],null],[[],null],[[],null],[[],null],[[],null],[[],{"loose":true}],[[],{"loose":true}],[[],null],[[],{"loose":true}],[[],null],[[],null],[[],null],[[],null],[[],null],[[],null],[[],{"loose":true}],[[],null],[[],null],[[],null],[[],null],[[],null],[[],null],[[],null]],"ignore":[],"code":true,"metadata":true,"ast":true,"comments":true,"compact":false,"minified":false,"sourceMap":true,"sourceMaps":true,"sourceMapTarget":"packages/ddp-server/stream_server.js.map","sourceFileName":"packages/ddp-server/stream_server.js","babelrc":false,"sourceType":"module","moduleIds":false,"passPerPreset":false,"parserOpts":false,"generatorOpts":false,"basename":"stream_server"},"ignored":false,"code":"var url = Npm.require('url'); // By default, we use the permessage-deflate extension with default\n// configuration. If $SERVER_WEBSOCKET_COMPRESSION is set, then it must be valid\n// JSON. If it represents a falsey value, then we do not use permessage-deflate\n// at all; otherwise, the JSON value is used as an argument to deflate's\n// configure method; see\n// https://github.com/faye/permessage-deflate-node/blob/master/README.md\n//\n// (We do this in an _.once instead of at startup, because we don't want to\n// crash the tool during isopacket load if your JSON doesn't parse. This is only\n// a problem because the tool has to load the DDP server code just in order to\n// be a DDP client; see https://github.com/meteor/meteor/issues/3452 .)\n\n\nvar websocketExtensions = _.once(function () {\n  var extensions = [];\n  var websocketCompressionConfig = process.env.SERVER_WEBSOCKET_COMPRESSION ? JSON.parse(process.env.SERVER_WEBSOCKET_COMPRESSION) : {};\n\n  if (websocketCompressionConfig) {\n    extensions.push(Npm.require('permessage-deflate').configure(websocketCompressionConfig));\n  }\n\n  return extensions;\n});\n\nvar pathPrefix = __meteor_runtime_config__.ROOT_URL_PATH_PREFIX || \"\";\n\nStreamServer = function () {\n  var self = this;\n  self.registration_callbacks = [];\n  self.open_sockets = []; // Because we are installing directly onto WebApp.httpServer instead of using\n  // WebApp.app, we have to process the path prefix ourselves.\n\n  self.prefix = pathPrefix + '/sockjs';\n  RoutePolicy.declare(self.prefix + '/', 'network'); // set up sockjs\n\n  var sockjs = Npm.require('sockjs');\n\n  var serverOptions = {\n    prefix: self.prefix,\n    log: function () {},\n    // this is the default, but we code it explicitly because we depend\n    // on it in stream_client:HEARTBEAT_TIMEOUT\n    heartbeat_delay: 45000,\n    // The default disconnect_delay is 5 seconds, but if the server ends up CPU\n    // bound for that much time, SockJS might not notice that the user has\n    // reconnected because the timer (of disconnect_delay ms) can fire before\n    // SockJS processes the new connection. Eventually we'll fix this by not\n    // combining CPU-heavy processing with SockJS termination (eg a proxy which\n    // converts to Unix sockets) but for now, raise the delay.\n    disconnect_delay: 60 * 1000,\n    // Set the USE_JSESSIONID environment variable to enable setting the\n    // JSESSIONID cookie. This is useful for setting up proxies with\n    // session affinity.\n    jsessionid: !!process.env.USE_JSESSIONID\n  }; // If you know your server environment (eg, proxies) will prevent websockets\n  // from ever working, set $DISABLE_WEBSOCKETS and SockJS clients (ie,\n  // browsers) will not waste time attempting to use them.\n  // (Your server will still have a /websocket endpoint.)\n\n  if (process.env.DISABLE_WEBSOCKETS) {\n    serverOptions.websocket = false;\n  } else {\n    serverOptions.faye_server_options = {\n      extensions: websocketExtensions()\n    };\n  }\n\n  self.server = sockjs.createServer(serverOptions); // Install the sockjs handlers, but we want to keep around our own particular\n  // request handler that adjusts idle timeouts while we have an outstanding\n  // request.  This compensates for the fact that sockjs removes all listeners\n  // for \"request\" to add its own.\n\n  WebApp.httpServer.removeListener('request', WebApp._timeoutAdjustmentRequestCallback);\n  self.server.installHandlers(WebApp.httpServer);\n  WebApp.httpServer.addListener('request', WebApp._timeoutAdjustmentRequestCallback); // Support the /websocket endpoint\n\n  self._redirectWebsocketEndpoint();\n\n  self.server.on('connection', function (socket) {\n    // We want to make sure that if a client connects to us and does the initial\n    // Websocket handshake but never gets to the DDP handshake, that we\n    // eventually kill the socket.  Once the DDP handshake happens, DDP\n    // heartbeating will work. And before the Websocket handshake, the timeouts\n    // we set at the server level in webapp_server.js will work. But\n    // faye-websocket calls setTimeout(0) on any socket it takes over, so there\n    // is an \"in between\" state where this doesn't happen.  We work around this\n    // by explicitly setting the socket timeout to a relatively large time here,\n    // and setting it back to zero when we set up the heartbeat in\n    // livedata_server.js.\n    socket.setWebsocketTimeout = function (timeout) {\n      if ((socket.protocol === 'websocket' || socket.protocol === 'websocket-raw') && socket._session.recv) {\n        socket._session.recv.connection.setTimeout(timeout);\n      }\n    };\n\n    socket.setWebsocketTimeout(45 * 1000);\n\n    socket.send = function (data) {\n      socket.write(data);\n    };\n\n    socket.on('close', function () {\n      self.open_sockets = _.without(self.open_sockets, socket);\n    });\n    self.open_sockets.push(socket); // XXX COMPAT WITH 0.6.6. Send the old style welcome message, which\n    // will force old clients to reload. Remove this once we're not\n    // concerned about people upgrading from a pre-0.7.0 release. Also,\n    // remove the clause in the client that ignores the welcome message\n    // (livedata_connection.js)\n\n    socket.send(JSON.stringify({\n      server_id: \"0\"\n    })); // call all our callbacks when we get a new socket. they will do the\n    // work of setting up handlers and such for specific messages.\n\n    _.each(self.registration_callbacks, function (callback) {\n      callback(socket);\n    });\n  });\n};\n\n_.extend(StreamServer.prototype, {\n  // call my callback when a new socket connects.\n  // also call it for all current connections.\n  register: function (callback) {\n    var self = this;\n    self.registration_callbacks.push(callback);\n\n    _.each(self.all_sockets(), function (socket) {\n      callback(socket);\n    });\n  },\n  // get a list of all sockets\n  all_sockets: function () {\n    var self = this;\n    return _.values(self.open_sockets);\n  },\n  // Redirect /websocket to /sockjs/websocket in order to not expose\n  // sockjs to clients that want to use raw websockets\n  _redirectWebsocketEndpoint: function () {\n    var self = this; // Unfortunately we can't use a connect middleware here since\n    // sockjs installs itself prior to all existing listeners\n    // (meaning prior to any connect middlewares) so we need to take\n    // an approach similar to overshadowListeners in\n    // https://github.com/sockjs/sockjs-node/blob/cf820c55af6a9953e16558555a31decea554f70e/src/utils.coffee\n\n    _.each(['request', 'upgrade'], function (event) {\n      var httpServer = WebApp.httpServer;\n      var oldHttpServerListeners = httpServer.listeners(event).slice(0);\n      httpServer.removeAllListeners(event); // request and upgrade have different arguments passed but\n      // we only care about the first one which is always request\n\n      var newListener = function (request /*, moreArguments */) {\n        // Store arguments for use within the closure below\n        var args = arguments; // Rewrite /websocket and /websocket/ urls to /sockjs/websocket while\n        // preserving query string.\n\n        var parsedUrl = url.parse(request.url);\n\n        if (parsedUrl.pathname === pathPrefix + '/websocket' || parsedUrl.pathname === pathPrefix + '/websocket/') {\n          parsedUrl.pathname = self.prefix + '/websocket';\n          request.url = url.format(parsedUrl);\n        }\n\n        _.each(oldHttpServerListeners, function (oldListener) {\n          oldListener.apply(httpServer, args);\n        });\n      };\n\n      httpServer.addListener(event, newListener);\n    });\n  }\n});","map":{"version":3,"sources":["packages/ddp-server/stream_server.js"],"names":["url","Npm","require","websocketExtensions","_","once","extensions","websocketCompressionConfig","process","env","SERVER_WEBSOCKET_COMPRESSION","JSON","parse","push","configure","pathPrefix","__meteor_runtime_config__","ROOT_URL_PATH_PREFIX","StreamServer","self","registration_callbacks","open_sockets","prefix","RoutePolicy","declare","sockjs","serverOptions","log","heartbeat_delay","disconnect_delay","jsessionid","USE_JSESSIONID","DISABLE_WEBSOCKETS","websocket","faye_server_options","server","createServer","WebApp","httpServer","removeListener","_timeoutAdjustmentRequestCallback","installHandlers","addListener","_redirectWebsocketEndpoint","on","socket","setWebsocketTimeout","timeout","protocol","_session","recv","connection","setTimeout","send","data","write","without","stringify","server_id","each","callback","extend","prototype","register","all_sockets","values","event","oldHttpServerListeners","listeners","slice","removeAllListeners","newListener","request","args","arguments","parsedUrl","pathname","format","oldListener","apply"],"mappings":"AAAA,IAAIA,MAAMC,IAAIC,OAAJ,CAAY,KAAZ,CAAV,C,CAEA;AACA;AACA;AACA;AACA;AACA;AACA;AACA;AACA;AACA;AACA;;;AACA,IAAIC,sBAAsBC,EAAEC,IAAF,CAAO,YAAY;AAC3C,MAAIC,aAAa,EAAjB;AAEA,MAAIC,6BAA6BC,QAAQC,GAAR,CAAYC,4BAAZ,GACzBC,KAAKC,KAAL,CAAWJ,QAAQC,GAAR,CAAYC,4BAAvB,CADyB,GAC8B,EAD/D;;AAEA,MAAIH,0BAAJ,EAAgC;AAC9BD,eAAWO,IAAX,CAAgBZ,IAAIC,OAAJ,CAAY,oBAAZ,EAAkCY,SAAlC,CACdP,0BADc,CAAhB;AAGD;;AAED,SAAOD,UAAP;AACD,CAZyB,CAA1B;;AAcA,IAAIS,aAAaC,0BAA0BC,oBAA1B,IAAmD,EAApE;;AAEAC,eAAe,YAAY;AACzB,MAAIC,OAAO,IAAX;AACAA,OAAKC,sBAAL,GAA8B,EAA9B;AACAD,OAAKE,YAAL,GAAoB,EAApB,CAHyB,CAKzB;AACA;;AACAF,OAAKG,MAAL,GAAcP,aAAa,SAA3B;AACAQ,cAAYC,OAAZ,CAAoBL,KAAKG,MAAL,GAAc,GAAlC,EAAuC,SAAvC,EARyB,CAUzB;;AACA,MAAIG,SAASxB,IAAIC,OAAJ,CAAY,QAAZ,CAAb;;AACA,MAAIwB,gBAAgB;AAClBJ,YAAQH,KAAKG,MADK;AAElBK,SAAK,YAAW,CAAE,CAFA;AAGlB;AACA;AACAC,qBAAiB,KALC;AAMlB;AACA;AACA;AACA;AACA;AACA;AACAC,sBAAkB,KAAK,IAZL;AAalB;AACA;AACA;AACAC,gBAAY,CAAC,CAACtB,QAAQC,GAAR,CAAYsB;AAhBR,GAApB,CAZyB,CA+BzB;AACA;AACA;AACA;;AACA,MAAIvB,QAAQC,GAAR,CAAYuB,kBAAhB,EAAoC;AAClCN,kBAAcO,SAAd,GAA0B,KAA1B;AACD,GAFD,MAEO;AACLP,kBAAcQ,mBAAd,GAAoC;AAClC5B,kBAAYH;AADsB,KAApC;AAGD;;AAEDgB,OAAKgB,MAAL,GAAcV,OAAOW,YAAP,CAAoBV,aAApB,CAAd,CA3CyB,CA6CzB;AACA;AACA;AACA;;AACAW,SAAOC,UAAP,CAAkBC,cAAlB,CACE,SADF,EACaF,OAAOG,iCADpB;AAEArB,OAAKgB,MAAL,CAAYM,eAAZ,CAA4BJ,OAAOC,UAAnC;AACAD,SAAOC,UAAP,CAAkBI,WAAlB,CACE,SADF,EACaL,OAAOG,iCADpB,EApDyB,CAuDzB;;AACArB,OAAKwB,0BAAL;;AAEAxB,OAAKgB,MAAL,CAAYS,EAAZ,CAAe,YAAf,EAA6B,UAAUC,MAAV,EAAkB;AAC7C;AACA;AACA;AACA;AACA;AACA;AACA;AACA;AACA;AACA;AACAA,WAAOC,mBAAP,GAA6B,UAAUC,OAAV,EAAmB;AAC9C,UAAI,CAACF,OAAOG,QAAP,KAAoB,WAApB,IACAH,OAAOG,QAAP,KAAoB,eADrB,KAEGH,OAAOI,QAAP,CAAgBC,IAFvB,EAE6B;AAC3BL,eAAOI,QAAP,CAAgBC,IAAhB,CAAqBC,UAArB,CAAgCC,UAAhC,CAA2CL,OAA3C;AACD;AACF,KAND;;AAOAF,WAAOC,mBAAP,CAA2B,KAAK,IAAhC;;AAEAD,WAAOQ,IAAP,GAAc,UAAUC,IAAV,EAAgB;AAC5BT,aAAOU,KAAP,CAAaD,IAAb;AACD,KAFD;;AAGAT,WAAOD,EAAP,CAAU,OAAV,EAAmB,YAAY;AAC7BzB,WAAKE,YAAL,GAAoBjB,EAAEoD,OAAF,CAAUrC,KAAKE,YAAf,EAA6BwB,MAA7B,CAApB;AACD,KAFD;AAGA1B,SAAKE,YAAL,CAAkBR,IAAlB,CAAuBgC,MAAvB,EA1B6C,CA4B7C;AACA;AACA;AACA;AACA;;AACAA,WAAOQ,IAAP,CAAY1C,KAAK8C,SAAL,CAAe;AAACC,iBAAW;AAAZ,KAAf,CAAZ,EAjC6C,CAmC7C;AACA;;AACAtD,MAAEuD,IAAF,CAAOxC,KAAKC,sBAAZ,EAAoC,UAAUwC,QAAV,EAAoB;AACtDA,eAASf,MAAT;AACD,KAFD;AAGD,GAxCD;AA0CD,CApGD;;AAsGAzC,EAAEyD,MAAF,CAAS3C,aAAa4C,SAAtB,EAAiC;AAC/B;AACA;AACAC,YAAU,UAAUH,QAAV,EAAoB;AAC5B,QAAIzC,OAAO,IAAX;AACAA,SAAKC,sBAAL,CAA4BP,IAA5B,CAAiC+C,QAAjC;;AACAxD,MAAEuD,IAAF,CAAOxC,KAAK6C,WAAL,EAAP,EAA2B,UAAUnB,MAAV,EAAkB;AAC3Ce,eAASf,MAAT;AACD,KAFD;AAGD,GAT8B;AAW/B;AACAmB,eAAa,YAAY;AACvB,QAAI7C,OAAO,IAAX;AACA,WAAOf,EAAE6D,MAAF,CAAS9C,KAAKE,YAAd,CAAP;AACD,GAf8B;AAiB/B;AACA;AACAsB,8BAA4B,YAAW;AACrC,QAAIxB,OAAO,IAAX,CADqC,CAErC;AACA;AACA;AACA;AACA;;AACAf,MAAEuD,IAAF,CAAO,CAAC,SAAD,EAAY,SAAZ,CAAP,EAA+B,UAASO,KAAT,EAAgB;AAC7C,UAAI5B,aAAaD,OAAOC,UAAxB;AACA,UAAI6B,yBAAyB7B,WAAW8B,SAAX,CAAqBF,KAArB,EAA4BG,KAA5B,CAAkC,CAAlC,CAA7B;AACA/B,iBAAWgC,kBAAX,CAA8BJ,KAA9B,EAH6C,CAK7C;AACA;;AACA,UAAIK,cAAc,UAASC,OAAT,CAAiB,oBAAjB,EAAuC;AACvD;AACA,YAAIC,OAAOC,SAAX,CAFuD,CAIvD;AACA;;AACA,YAAIC,YAAY3E,IAAIY,KAAJ,CAAU4D,QAAQxE,GAAlB,CAAhB;;AACA,YAAI2E,UAAUC,QAAV,KAAuB7D,aAAa,YAApC,IACA4D,UAAUC,QAAV,KAAuB7D,aAAa,aADxC,EACuD;AACrD4D,oBAAUC,QAAV,GAAqBzD,KAAKG,MAAL,GAAc,YAAnC;AACAkD,kBAAQxE,GAAR,GAAcA,IAAI6E,MAAJ,CAAWF,SAAX,CAAd;AACD;;AACDvE,UAAEuD,IAAF,CAAOQ,sBAAP,EAA+B,UAASW,WAAT,EAAsB;AACnDA,sBAAYC,KAAZ,CAAkBzC,UAAlB,EAA8BmC,IAA9B;AACD,SAFD;AAGD,OAfD;;AAgBAnC,iBAAWI,WAAX,CAAuBwB,KAAvB,EAA8BK,WAA9B;AACD,KAxBD;AAyBD;AAnD8B,CAAjC","file":"packages/ddp-server/stream_server.js.map","sourcesContent":["var url = Npm.require('url');\n\n// By default, we use the permessage-deflate extension with default\n// configuration. If $SERVER_WEBSOCKET_COMPRESSION is set, then it must be valid\n// JSON. If it represents a falsey value, then we do not use permessage-deflate\n// at all; otherwise, the JSON value is used as an argument to deflate's\n// configure method; see\n// https://github.com/faye/permessage-deflate-node/blob/master/README.md\n//\n// (We do this in an _.once instead of at startup, because we don't want to\n// crash the tool during isopacket load if your JSON doesn't parse. This is only\n// a problem because the tool has to load the DDP server code just in order to\n// be a DDP client; see https://github.com/meteor/meteor/issues/3452 .)\nvar websocketExtensions = _.once(function () {\n  var extensions = [];\n\n  var websocketCompressionConfig = process.env.SERVER_WEBSOCKET_COMPRESSION\n        ? JSON.parse(process.env.SERVER_WEBSOCKET_COMPRESSION) : {};\n  if (websocketCompressionConfig) {\n    extensions.push(Npm.require('permessage-deflate').configure(\n      websocketCompressionConfig\n    ));\n  }\n\n  return extensions;\n});\n\nvar pathPrefix = __meteor_runtime_config__.ROOT_URL_PATH_PREFIX ||  \"\";\n\nStreamServer = function () {\n  var self = this;\n  self.registration_callbacks = [];\n  self.open_sockets = [];\n\n  // Because we are installing directly onto WebApp.httpServer instead of using\n  // WebApp.app, we have to process the path prefix ourselves.\n  self.prefix = pathPrefix + '/sockjs';\n  RoutePolicy.declare(self.prefix + '/', 'network');\n\n  // set up sockjs\n  var sockjs = Npm.require('sockjs');\n  var serverOptions = {\n    prefix: self.prefix,\n    log: function() {},\n    // this is the default, but we code it explicitly because we depend\n    // on it in stream_client:HEARTBEAT_TIMEOUT\n    heartbeat_delay: 45000,\n    // The default disconnect_delay is 5 seconds, but if the server ends up CPU\n    // bound for that much time, SockJS might not notice that the user has\n    // reconnected because the timer (of disconnect_delay ms) can fire before\n    // SockJS processes the new connection. Eventually we'll fix this by not\n    // combining CPU-heavy processing with SockJS termination (eg a proxy which\n    // converts to Unix sockets) but for now, raise the delay.\n    disconnect_delay: 60 * 1000,\n    // Set the USE_JSESSIONID environment variable to enable setting the\n    // JSESSIONID cookie. This is useful for setting up proxies with\n    // session affinity.\n    jsessionid: !!process.env.USE_JSESSIONID\n  };\n\n  // If you know your server environment (eg, proxies) will prevent websockets\n  // from ever working, set $DISABLE_WEBSOCKETS and SockJS clients (ie,\n  // browsers) will not waste time attempting to use them.\n  // (Your server will still have a /websocket endpoint.)\n  if (process.env.DISABLE_WEBSOCKETS) {\n    serverOptions.websocket = false;\n  } else {\n    serverOptions.faye_server_options = {\n      extensions: websocketExtensions()\n    };\n  }\n\n  self.server = sockjs.createServer(serverOptions);\n\n  // Install the sockjs handlers, but we want to keep around our own particular\n  // request handler that adjusts idle timeouts while we have an outstanding\n  // request.  This compensates for the fact that sockjs removes all listeners\n  // for \"request\" to add its own.\n  WebApp.httpServer.removeListener(\n    'request', WebApp._timeoutAdjustmentRequestCallback);\n  self.server.installHandlers(WebApp.httpServer);\n  WebApp.httpServer.addListener(\n    'request', WebApp._timeoutAdjustmentRequestCallback);\n\n  // Support the /websocket endpoint\n  self._redirectWebsocketEndpoint();\n\n  self.server.on('connection', function (socket) {\n    // We want to make sure that if a client connects to us and does the initial\n    // Websocket handshake but never gets to the DDP handshake, that we\n    // eventually kill the socket.  Once the DDP handshake happens, DDP\n    // heartbeating will work. And before the Websocket handshake, the timeouts\n    // we set at the server level in webapp_server.js will work. But\n    // faye-websocket calls setTimeout(0) on any socket it takes over, so there\n    // is an \"in between\" state where this doesn't happen.  We work around this\n    // by explicitly setting the socket timeout to a relatively large time here,\n    // and setting it back to zero when we set up the heartbeat in\n    // livedata_server.js.\n    socket.setWebsocketTimeout = function (timeout) {\n      if ((socket.protocol === 'websocket' ||\n           socket.protocol === 'websocket-raw')\n          && socket._session.recv) {\n        socket._session.recv.connection.setTimeout(timeout);\n      }\n    };\n    socket.setWebsocketTimeout(45 * 1000);\n\n    socket.send = function (data) {\n      socket.write(data);\n    };\n    socket.on('close', function () {\n      self.open_sockets = _.without(self.open_sockets, socket);\n    });\n    self.open_sockets.push(socket);\n\n    // XXX COMPAT WITH 0.6.6. Send the old style welcome message, which\n    // will force old clients to reload. Remove this once we're not\n    // concerned about people upgrading from a pre-0.7.0 release. Also,\n    // remove the clause in the client that ignores the welcome message\n    // (livedata_connection.js)\n    socket.send(JSON.stringify({server_id: \"0\"}));\n\n    // call all our callbacks when we get a new socket. they will do the\n    // work of setting up handlers and such for specific messages.\n    _.each(self.registration_callbacks, function (callback) {\n      callback(socket);\n    });\n  });\n\n};\n\n_.extend(StreamServer.prototype, {\n  // call my callback when a new socket connects.\n  // also call it for all current connections.\n  register: function (callback) {\n    var self = this;\n    self.registration_callbacks.push(callback);\n    _.each(self.all_sockets(), function (socket) {\n      callback(socket);\n    });\n  },\n\n  // get a list of all sockets\n  all_sockets: function () {\n    var self = this;\n    return _.values(self.open_sockets);\n  },\n\n  // Redirect /websocket to /sockjs/websocket in order to not expose\n  // sockjs to clients that want to use raw websockets\n  _redirectWebsocketEndpoint: function() {\n    var self = this;\n    // Unfortunately we can't use a connect middleware here since\n    // sockjs installs itself prior to all existing listeners\n    // (meaning prior to any connect middlewares) so we need to take\n    // an approach similar to overshadowListeners in\n    // https://github.com/sockjs/sockjs-node/blob/cf820c55af6a9953e16558555a31decea554f70e/src/utils.coffee\n    _.each(['request', 'upgrade'], function(event) {\n      var httpServer = WebApp.httpServer;\n      var oldHttpServerListeners = httpServer.listeners(event).slice(0);\n      httpServer.removeAllListeners(event);\n\n      // request and upgrade have different arguments passed but\n      // we only care about the first one which is always request\n      var newListener = function(request /*, moreArguments */) {\n        // Store arguments for use within the closure below\n        var args = arguments;\n\n        // Rewrite /websocket and /websocket/ urls to /sockjs/websocket while\n        // preserving query string.\n        var parsedUrl = url.parse(request.url);\n        if (parsedUrl.pathname === pathPrefix + '/websocket' ||\n            parsedUrl.pathname === pathPrefix + '/websocket/') {\n          parsedUrl.pathname = self.prefix + '/websocket';\n          request.url = url.format(parsedUrl);\n        }\n        _.each(oldHttpServerListeners, function(oldListener) {\n          oldListener.apply(httpServer, args);\n        });\n      };\n      httpServer.addListener(event, newListener);\n    });\n  }\n});\n"]},"hash":"759bbc78b53dfda74292f55d5f3699d00628a20a"}
