{"metadata":{"usedHelpers":[],"marked":[],"modules":{"imports":[],"exports":{"exported":["WebApp"],"specifiers":[{"kind":"local","local":"WebApp","exported":"WebApp"}]}}},"options":{"filename":"packages/webapp/webapp_client.js","filenameRelative":"packages/webapp/webapp_client.js","env":{"development":{"plugins":[]}},"retainLines":false,"highlightCode":true,"suppressDeprecationMessages":false,"presets":[],"plugins":[[[],{"generateLetDeclarations":true,"enforceStrictMode":false}],[[],null],[[],{"polyfill":false}],[[],null],[[],null],[[],null],[[],{"allowTopLevelThis":true,"strict":false,"loose":true}],[[],null],[[],null],[[],null],[[],null],[[],null],[[],null],[[],null],[[],null],[[],null],[[],null],[[],null],[[],null],[[],{"loose":true}],[[],{"loose":true}],[[],null],[[],{"loose":true}],[[],null],[[],null],[[],null],[[],null],[[],null],[[],null],[[],{"loose":true}],[[],null],[[],null],[[],null],[[],null],[[],null],[[],null],[[],null]],"ignore":[],"code":true,"metadata":true,"ast":true,"comments":true,"compact":false,"minified":false,"sourceMap":true,"sourceMaps":true,"sourceMapTarget":"packages/webapp/webapp_client.js.map","sourceFileName":"packages/webapp/webapp_client.js","babelrc":false,"sourceType":"module","moduleIds":false,"passPerPreset":false,"parserOpts":false,"generatorOpts":false,"basename":"webapp_client"},"ignored":false,"code":"module.export({\n  WebApp: function () {\n    return WebApp;\n  }\n});\nvar WebApp = {\n  _isCssLoaded: function () {\n    if (document.styleSheets.length === 0) {\n      return true;\n    }\n\n    return _.find(document.styleSheets, function (sheet) {\n      if (sheet.cssText && !sheet.cssRules) {\n        // IE8\n        return !sheet.cssText.match(/meteor-css-not-found-error/);\n      }\n\n      return !_.find(sheet.cssRules, function (rule) {\n        return rule.selectorText === '.meteor-css-not-found-error';\n      });\n    });\n  }\n};","map":{"version":3,"sources":["packages/webapp/webapp_client.js"],"names":["module","export","WebApp","_isCssLoaded","document","styleSheets","length","_","find","sheet","cssText","cssRules","match","rule","selectorText"],"mappings":"AAAAA,OAAOC,MAAP,CAAc;AAACC,UAAO;AAAA,WAAIA,MAAJ;AAAA;AAAR,CAAd;AAAO,IAAMA,SAAS;AACpBC,cADoB,cACL;AACb,QAAIC,SAASC,WAAT,CAAqBC,MAArB,KAAgC,CAApC,EAAuC;AACrC,aAAO,IAAP;AACD;;AAED,WAAOC,EAAEC,IAAF,CAAOJ,SAASC,WAAhB,EAA6B,iBAAS;AAC3C,UAAII,MAAMC,OAAN,IAAiB,CAAED,MAAME,QAA7B,EAAuC;AAAE;AACvC,eAAO,CAAEF,MAAMC,OAAN,CAAcE,KAAd,CAAoB,4BAApB,CAAT;AACD;;AAED,aAAO,CAAEL,EAAEC,IAAF,CACPC,MAAME,QADC,EAEP;AAAA,eAAQE,KAAKC,YAAL,KAAsB,6BAA9B;AAAA,OAFO,CAAT;AAID,KATM,CAAP;AAUD;AAhBmB,CAAf","file":"packages/webapp/webapp_client.js.map","sourcesContent":["export const WebApp = {\n  _isCssLoaded() {\n    if (document.styleSheets.length === 0) {\n      return true;\n    }\n\n    return _.find(document.styleSheets, sheet => {\n      if (sheet.cssText && ! sheet.cssRules) { // IE8\n        return ! sheet.cssText.match(/meteor-css-not-found-error/);\n      }\n\n      return ! _.find(\n        sheet.cssRules,\n        rule => rule.selectorText === '.meteor-css-not-found-error'\n      );\n    });\n  }\n};\n"]},"hash":"91c64cbe0eca8237af973eac40282955629c920d"}
