{"metadata":{"usedHelpers":[],"marked":[],"modules":{"imports":[{"source":"meteor/templating","imported":["Template"],"specifiers":[{"kind":"named","imported":"Template","local":"Template"}]},{"source":"meteor/reactive-var","imported":["ReactiveVar"],"specifiers":[{"kind":"named","imported":"ReactiveVar","local":"ReactiveVar"}]},{"source":"meteor/session","imported":["Session"],"specifiers":[{"kind":"named","imported":"Session","local":"Session"}]},{"source":"./main.html","imported":[],"specifiers":[]}],"exports":{"exported":[],"specifiers":[]}}},"options":{"filename":"client/main.js","filenameRelative":"client/main.js","env":{"development":{"plugins":[]}},"retainLines":false,"highlightCode":true,"suppressDeprecationMessages":false,"presets":[],"plugins":[[[],{"generateLetDeclarations":true,"enforceStrictMode":false}],[[],null],[[],{"polyfill":false}],[[],null],[[],null],[[],null],[[],{"allowTopLevelThis":true,"strict":false,"loose":true}],[[],null],[[],null],[[],null],[[],null],[[],null],[[],null],[[],null],[[],null],[[],null],[[],null],[[],null],[[],null],[[],{"loose":true}],[[],{"loose":true}],[[],null],[[],{"loose":true}],[[],null],[[],null],[[],null],[[],null],[[],null],[[],null],[[],{"loose":true}],[[],null],[[],null],[[],null],[[],null],[[],null],[[],null],[[],null]],"ignore":[],"code":true,"metadata":true,"ast":true,"comments":true,"compact":false,"minified":false,"sourceMap":true,"sourceMaps":true,"sourceMapTarget":"client/main.js.map","sourceFileName":"client/main.js","babelrc":false,"sourceType":"module","moduleIds":false,"passPerPreset":false,"parserOpts":false,"generatorOpts":false,"basename":"main"},"ignored":false,"code":"var Template = void 0;\nmodule.watch(require(\"meteor/templating\"), {\n  Template: function (v) {\n    Template = v;\n  }\n}, 0);\nvar ReactiveVar = void 0;\nmodule.watch(require(\"meteor/reactive-var\"), {\n  ReactiveVar: function (v) {\n    ReactiveVar = v;\n  }\n}, 1);\nvar Session = void 0;\nmodule.watch(require(\"meteor/session\"), {\n  Session: function (v) {\n    Session = v;\n  }\n}, 2);\nmodule.watch(require(\"./main.html\"));\nSession.set('gifImage', null);\nSession.set('isRendered', false); // Template.dragdrop.rendered = function() {\n//   //var isRendered = Session.get('isRendered');\n//   //if (!isRendered)\n//   //{\n//   var myDropzone = new Dropzone(\"div#myId\", { url: \"/upload\", uploadMultiple:true,  addRemoveLinks:true, autoDiscovery:false});;\n//   myDropzone.on(\"queuecomplete\", function() {\n//      debugger;\n//     //sleep(5000).then(() => {\n//       //gifShot(myDropzone.files);\n//      //})\n//   });\n// //}\n// }\n\nTemplate.profil2.events({\n  'dropped #dropzoneDiv': function (e, template) {\n    debugger;\n    e.preventDefault();\n    console.log(\"hurra\");\n    console.log(e.originalEvent.dataTransfer.files); // this will contain the list of files that were dropped\n  }\n});\nTemplate.gif.helpers({\n  gifImage: function () {\n    return Session.get('gifImage');\n  }\n});\n\nfunction sleep(time) {\n  return new Promise(function (resolve) {\n    return setTimeout(resolve, time);\n  });\n}\n\nvar fn = function () {\n  function pFileReader(file) {\n    return new Promise(function (resolve, reject) {\n      var fr = new FileReader();\n\n      fr.onload = function () {\n        resolve(this.result);\n      };\n\n      fr.readAsDataURL(file);\n    });\n  }\n\n  return pFileReader;\n}();\n\nfunction gifShot(inputFiles) {\n  var actions = inputFiles.map(fn);\n  var results = Promise.all(actions);\n  results.then(function (images) {\n    return gifshot.createGIF({\n      images: images,\n      interval: .8\n    }, function (obj) {\n      if (!obj.error) {\n        Session.set('gifImage', obj.image);\n      }\n    });\n  });\n}","map":{"version":3,"sources":["client/main.js"],"names":["Template","module","watch","require","v","ReactiveVar","Session","set","profil2","events","e","template","preventDefault","console","log","originalEvent","dataTransfer","files","gif","helpers","gifImage","get","sleep","time","Promise","resolve","setTimeout","fn","pFileReader","file","reject","fr","FileReader","onload","result","readAsDataURL","gifShot","inputFiles","actions","map","results","all","then","gifshot","createGIF","images","interval","obj","error","image"],"mappings":"AAAA,IAAIA,iBAAJ;AAAaC,OAAOC,KAAP,CAAaC,QAAQ,mBAAR,CAAb,EAA0C;AAACH,UAAD,YAAUI,CAAV,EAAY;AAACJ,eAASI,CAAT;AAAW;AAAxB,CAA1C,EAAoE,CAApE;AAAuE,IAAIC,oBAAJ;AAAgBJ,OAAOC,KAAP,CAAaC,QAAQ,qBAAR,CAAb,EAA4C;AAACE,aAAD,YAAaD,CAAb,EAAe;AAACC,kBAAYD,CAAZ;AAAc;AAA9B,CAA5C,EAA4E,CAA5E;AAA+E,IAAIE,gBAAJ;AAAYL,OAAOC,KAAP,CAAaC,QAAQ,gBAAR,CAAb,EAAuC;AAACG,SAAD,YAASF,CAAT,EAAW;AAACE,cAAQF,CAAR;AAAU;AAAtB,CAAvC,EAA+D,CAA/D;AAAkEH,OAAOC,KAAP,CAAaC,QAAQ,aAAR,CAAb;AAMjQG,QAAQC,GAAR,CAAY,UAAZ,EAAuB,IAAvB;AACAD,QAAQC,GAAR,CAAY,YAAZ,EAAyB,KAAzB,E,CAEA;AACA;AACA;AACA;AACA;AAEA;AAEA;AACA;AACA;AACA;AAEA;AACA;AACA;;AAEAP,SAASQ,OAAT,CAAiBC,MAAjB,CAAwB;AACtB,0BAAwB,UAASC,CAAT,EAAWC,QAAX,EAAoB;AAC1C;AACED,MAAEE,cAAF;AACAC,YAAQC,GAAR,CAAY,OAAZ;AACAD,YAAQC,GAAR,CAAYJ,EAAEK,aAAF,CAAgBC,YAAhB,CAA6BC,KAAzC,EAJwC,CAIS;AACpD;AANqB,CAAxB;AASAjB,SAASkB,GAAT,CAAaC,OAAb,CAAqB;AACnBC,YAAU,YAAW;AACnB,WAAOd,QAAQe,GAAR,CAAY,UAAZ,CAAP;AACD;AAHkB,CAArB;;AAMA,SAASC,KAAT,CAAgBC,IAAhB,EAAsB;AACpB,SAAO,IAAIC,OAAJ,CAAY,UAACC,OAAD;AAAA,WAAaC,WAAWD,OAAX,EAAoBF,IAApB,CAAb;AAAA,GAAZ,CAAP;AACD;;AAED,IAAII;AAAK,WAASC,WAAT,CAAqBC,IAArB,EAA0B;AACjC,WAAO,IAAIL,OAAJ,CAAY,UAACC,OAAD,EAAUK,MAAV,EAAqB;AACtC,UAAIC,KAAK,IAAIC,UAAJ,EAAT;;AACAD,SAAGE,MAAH,GAAY,YAAU;AACpBR,gBAAQ,KAAKS,MAAb;AACD,OAFD;;AAGAH,SAAGI,aAAH,CAAiBN,IAAjB;AACD,KANM,CAAP;AAOD;;AARG,SAAcD,WAAd;AAAA,GAAJ;;AAUA,SAASQ,OAAT,CAAiBC,UAAjB,EAA6B;AAE3B,MAAIC,UAAUD,WAAWE,GAAX,CAAeZ,EAAf,CAAd;AACA,MAAIa,UAAUhB,QAAQiB,GAAR,CAAYH,OAAZ,CAAd;AAEAE,UAAQE,IAAR,CAAa;AAAA,WACTC,QAAQC,SAAR,CAAkB;AAClBC,cAAQA,MADU;AAElBC,gBAAS;AAFS,KAAlB,EAGA,UAASC,GAAT,EAAc;AACV,UAAG,CAACA,IAAIC,KAAR,EAAe;AACb1C,gBAAQC,GAAR,CAAY,UAAZ,EAAuBwC,IAAIE,KAA3B;AACD;AACF,KAPH,CADS;AAAA,GAAb;AAWD","file":"client/main.js.map","sourcesContent":["import { Template } from 'meteor/templating';\nimport { ReactiveVar } from 'meteor/reactive-var';\nimport { Session } from 'meteor/session';\n\nimport './main.html';\n\nSession.set('gifImage',null);\nSession.set('isRendered',false);\n\n// Template.dragdrop.rendered = function() {\n//   //var isRendered = Session.get('isRendered');\n//   //if (!isRendered)\n//   //{\n//   var myDropzone = new Dropzone(\"div#myId\", { url: \"/upload\", uploadMultiple:true,  addRemoveLinks:true, autoDiscovery:false});;\n\n//   myDropzone.on(\"queuecomplete\", function() {\n    \n//      debugger;\n//     //sleep(5000).then(() => {\n//       //gifShot(myDropzone.files);\n//      //})\n    \n//   });\n// //}\n// }\n\nTemplate.profil2.events({\n  'dropped #dropzoneDiv': function(e,template){\n    debugger;\n      e.preventDefault();\n      console.log(\"hurra\");\n      console.log(e.originalEvent.dataTransfer.files); // this will contain the list of files that were dropped\n  }\n});\n\nTemplate.gif.helpers({\n  gifImage: function() {\n    return Session.get('gifImage');\n  }\n})\n\nfunction sleep (time) {\n  return new Promise((resolve) => setTimeout(resolve, time));\n}\n\nvar fn = function pFileReader(file){\n  return new Promise((resolve, reject) => {\n    var fr = new FileReader();  \n    fr.onload = function(){\n      resolve(this.result);\n    };\n    fr.readAsDataURL(file);\n  });\n}\n\nfunction gifShot(inputFiles) {\n\n  var actions = inputFiles.map(fn);\n  var results = Promise.all(actions);\n\n  results.then(images => \n      gifshot.createGIF({\n      images: images,\n      interval:.8\n    },function(obj) {\n          if(!obj.error) {\n            Session.set('gifImage',obj.image);\n          }\n        })\n    );\n\n}\n"]},"hash":"9443ada9236ecf858d06590b4f8095a7c361cde0"}
