{"metadata":{"usedHelpers":[],"marked":[],"modules":{"imports":[{"source":"meteor/templating","imported":["Template"],"specifiers":[{"kind":"named","imported":"Template","local":"Template"}]}],"exports":{"exported":["name"],"specifiers":[{"kind":"local","local":"name","exported":"name"}]}}},"options":{"filename":"packages/bmcdonald:gif-builder/gif-builder.js","filenameRelative":"packages/bmcdonald:gif-builder/gif-builder.js","env":{"development":{"plugins":[]}},"retainLines":false,"highlightCode":true,"suppressDeprecationMessages":false,"presets":[],"plugins":[[[],{"generateLetDeclarations":true,"enforceStrictMode":false}],[[],null],[[],{"polyfill":false}],[[],null],[[],null],[[],null],[[],{"allowTopLevelThis":true,"strict":false,"loose":true}],[[],null],[[],null],[[],null],[[],null],[[],null],[[],null],[[],null],[[],null],[[],null],[[],null],[[],null],[[],null],[[],{"loose":true}],[[],{"loose":true}],[[],null],[[],{"loose":true}],[[],null],[[],null],[[],null],[[],null],[[],null],[[],null],[[],{"loose":true}],[[],null],[[],null],[[],null],[[],null],[[],null],[[],null],[[],null]],"ignore":[],"code":true,"metadata":true,"ast":true,"comments":true,"compact":false,"minified":false,"sourceMap":true,"sourceMaps":true,"sourceMapTarget":"packages/bmcdonald:gif-builder/gif-builder.js.map","sourceFileName":"packages/bmcdonald:gif-builder/gif-builder.js","babelrc":false,"sourceType":"module","moduleIds":false,"passPerPreset":false,"parserOpts":false,"generatorOpts":false,"basename":"gif-builder"},"ignored":false,"code":"var module1 = module;\nmodule1.export({\n  name: function () {\n    return name;\n  }\n});\nvar Template = void 0;\nmodule1.watch(require(\"meteor/templating\"), {\n  Template: function (v) {\n    Template = v;\n  }\n}, 0);\nvar name = 'gifbuilder';","map":{"version":3,"sources":["packages/bmcdonald:gif-builder/gif-builder.js"],"names":["module1","module","export","name","Template","watch","require","v"],"mappings":"AAAA,IAAMA,UAAQC,MAAd;AAAqBD,QAAQE,MAAR,CAAe;AAACC,QAAK;AAAA,WAAIA,IAAJ;AAAA;AAAN,CAAf;AAAgC,IAAIC,iBAAJ;AAAaJ,QAAQK,KAAR,CAAcC,QAAQ,mBAAR,CAAd,EAA2C;AAACF,UAAD,YAAUG,CAAV,EAAY;AAACH,eAASG,CAAT;AAAW;AAAxB,CAA3C,EAAqE,CAArE;AAO3D,IAAMJ,OAAO,YAAb","file":"packages/bmcdonald:gif-builder/gif-builder.js.map","sourcesContent":["// Write your package code here!\nimport { Template } from 'meteor/templating';\n\n\n\n// Variables exported by this module can be imported by other packages and\n// applications. See gif-builder-tests.js for an example of importing.\nexport const name = 'gifbuilder';\n\n\n"]},"hash":"944842bf5bea77f42ca8de1058880d902e818883"}
