{"metadata":{"usedHelpers":[],"marked":[],"modules":{"imports":[],"exports":{"exported":["meteorRuntimeConfig","rootUrlPathPrefix","inlineScriptsAllowed","css","js","additionalStaticJs","htmlAttributes","bundledJsCssUrlRewriteHook","head","body","dynamicHead","dynamicBody"],"specifiers":[{"kind":"local","local":"meteorRuntimeConfig","exported":"default"},{"kind":"local","local":"rootUrlPathPrefix","exported":"default"},{"kind":"local","local":"inlineScriptsAllowed","exported":"default"},{"kind":"local","local":"css","exported":"default"},{"kind":"local","local":"js","exported":"default"},{"kind":"local","local":"additionalStaticJs","exported":"default"},{"kind":"local","local":"htmlAttributes","exported":"default"},{"kind":"local","local":"bundledJsCssUrlRewriteHook","exported":"default"},{"kind":"local","local":"head","exported":"default"},{"kind":"local","local":"body","exported":"default"},{"kind":"local","local":"dynamicHead","exported":"default"},{"kind":"local","local":"dynamicBody","exported":"default"}]}}},"options":{"filename":"packages/boilerplate-generator/template-web.browser.js","filenameRelative":"packages/boilerplate-generator/template-web.browser.js","env":{"development":{"plugins":[]}},"retainLines":false,"highlightCode":true,"suppressDeprecationMessages":false,"presets":[],"plugins":[[[],{"generateLetDeclarations":true,"enforceStrictMode":false}],[[],null],[[],{"polyfill":false}],[[],null],[[],null],[[],null],[[],{"allowTopLevelThis":true,"strict":false,"loose":true}],[[],null],[[],null],[[],null],[[],null],[[],null],[[],null],[[],null],[[],null],[[],null],[[],null],[[],null],[[],null],[[],{"loose":true}],[[],{"loose":true}],[[],null],[[],{"loose":true}],[[],null],[[],null],[[],null],[[],null],[[],null],[[],null],[[],{"loose":true}],[[],null],[[],null],[[],null],[[],null],[[],null],[[],null],[[],null]],"ignore":[],"code":true,"metadata":true,"ast":true,"comments":true,"compact":false,"minified":false,"sourceMap":true,"sourceMaps":true,"sourceMapTarget":"packages/boilerplate-generator/template-web.browser.js.map","sourceFileName":"packages/boilerplate-generator/template-web.browser.js","babelrc":false,"sourceType":"module","moduleIds":false,"passPerPreset":false,"parserOpts":false,"generatorOpts":false,"basename":"template-web.browser"},"ignored":false,"code":"module.exportDefault(function (_ref) {\n  var meteorRuntimeConfig = _ref.meteorRuntimeConfig,\n      rootUrlPathPrefix = _ref.rootUrlPathPrefix,\n      inlineScriptsAllowed = _ref.inlineScriptsAllowed,\n      css = _ref.css,\n      js = _ref.js,\n      additionalStaticJs = _ref.additionalStaticJs,\n      htmlAttributes = _ref.htmlAttributes,\n      bundledJsCssUrlRewriteHook = _ref.bundledJsCssUrlRewriteHook,\n      head = _ref.head,\n      body = _ref.body,\n      dynamicHead = _ref.dynamicHead,\n      dynamicBody = _ref.dynamicBody;\n  return [].concat(['<html' + _.map(htmlAttributes, function (value, key) {\n    return _.template(' <%= attrName %>=\"<%- attrValue %>\"')({\n      attrName: key,\n      attrValue: value\n    });\n  }).join('') + '>', '<head>'], _.map(css, function (_ref2) {\n    var url = _ref2.url;\n    return _.template('  <link rel=\"stylesheet\" type=\"text/css\" class=\"__meteor-css__\" href=\"<%- href %>\">')({\n      href: bundledJsCssUrlRewriteHook(url)\n    });\n  }), [head, dynamicHead, '</head>', '<body>', body, dynamicBody, '', inlineScriptsAllowed ? _.template('  <script type=\"text/javascript\">__meteor_runtime_config__ = JSON.parse(decodeURIComponent(<%= conf %>))</script>')({\n    conf: meteorRuntimeConfig\n  }) : _.template('  <script type=\"text/javascript\" src=\"<%- src %>/meteor_runtime_config.js\"></script>')({\n    src: rootUrlPathPrefix\n  }), ''], _.map(js, function (_ref3) {\n    var url = _ref3.url;\n    return _.template('  <script type=\"text/javascript\" src=\"<%- src %>\"></script>')({\n      src: bundledJsCssUrlRewriteHook(url)\n    });\n  }), _.map(additionalStaticJs, function (_ref4) {\n    var contents = _ref4.contents,\n        pathname = _ref4.pathname;\n    return inlineScriptsAllowed ? _.template('  <script><%= contents %></script>')({\n      contents: contents\n    }) : _.template('  <script type=\"text/javascript\" src=\"<%- src %>\"></script>')({\n      src: rootUrlPathPrefix + pathname\n    });\n  }), ['', '', '</body>', '</html>']).join('\\n');\n});","map":{"version":3,"sources":["packages/boilerplate-generator/template-web.browser.js"],"names":["module","exportDefault","meteorRuntimeConfig","rootUrlPathPrefix","inlineScriptsAllowed","css","js","additionalStaticJs","htmlAttributes","bundledJsCssUrlRewriteHook","head","body","dynamicHead","dynamicBody","concat","_","map","value","key","template","attrName","attrValue","join","url","href","conf","src","contents","pathname"],"mappings":"AAAAA,OAAOC,aAAP,CAEe,gBAaZ;AAAA,MAZDC,mBAYC,QAZDA,mBAYC;AAAA,MAXDC,iBAWC,QAXDA,iBAWC;AAAA,MAVDC,oBAUC,QAVDA,oBAUC;AAAA,MATDC,GASC,QATDA,GASC;AAAA,MARDC,EAQC,QARDA,EAQC;AAAA,MAPDC,kBAOC,QAPDA,kBAOC;AAAA,MANDC,cAMC,QANDA,cAMC;AAAA,MALDC,0BAKC,QALDA,0BAKC;AAAA,MAJDC,IAIC,QAJDA,IAIC;AAAA,MAHDC,IAGC,QAHDA,IAGC;AAAA,MAFDC,WAEC,QAFDA,WAEC;AAAA,MADDC,WACC,QADDA,WACC;AACD,SAAO,GAAGC,MAAH,CACL,CACE,UAASC,EAAEC,GAAF,CAAMR,cAAN,EAAsB,UAACS,KAAD,EAAQC,GAAR;AAAA,WAC7BH,EAAEI,QAAF,CAAW,qCAAX,EAAkD;AAChDC,gBAAUF,GADsC;AAEhDG,iBAAWJ;AAFqC,KAAlD,CAD6B;AAAA,GAAtB,EAKPK,IALO,CAKF,EALE,CAAT,GAKa,GANf,EAOE,QAPF,CADK,EAWLP,EAAEC,GAAF,CAAMX,GAAN,EAAW;AAAA,QAAEkB,GAAF,SAAEA,GAAF;AAAA,WACTR,EAAEI,QAAF,CAAW,qFAAX,EAAkG;AAChGK,YAAMf,2BAA2Bc,GAA3B;AAD0F,KAAlG,CADS;AAAA,GAAX,CAXK,EAiBL,CACEb,IADF,EAEEE,WAFF,EAGE,SAHF,EAIE,QAJF,EAKED,IALF,EAMEE,WANF,EAOE,EAPF,EAQGT,uBACGW,EAAEI,QAAF,CAAW,mHAAX,EAAgI;AAChIM,UAAMvB;AAD0H,GAAhI,CADH,GAIGa,EAAEI,QAAF,CAAW,sFAAX,EAAmG;AACnGO,SAAKvB;AAD8F,GAAnG,CAZN,EAgBE,EAhBF,CAjBK,EAoCLY,EAAEC,GAAF,CAAMV,EAAN,EAAU;AAAA,QAAEiB,GAAF,SAAEA,GAAF;AAAA,WACRR,EAAEI,QAAF,CAAW,6DAAX,EAA0E;AACxEO,WAAKjB,2BAA2Bc,GAA3B;AADmE,KAA1E,CADQ;AAAA,GAAV,CApCK,EA0CLR,EAAEC,GAAF,CAAMT,kBAAN,EAA0B;AAAA,QAAEoB,QAAF,SAAEA,QAAF;AAAA,QAAYC,QAAZ,SAAYA,QAAZ;AAAA,WACvBxB,uBACGW,EAAEI,QAAF,CAAW,oCAAX,EAAiD;AACjDQ,gBAAUA;AADuC,KAAjD,CADH,GAIGZ,EAAEI,QAAF,CAAW,6DAAX,EAA0E;AAC1EO,WAAKvB,oBAAoByB;AADiD,KAA1E,CALoB;AAAA,GAA1B,CA1CK,EAoDL,CACE,EADF,EACM,EADN,EAEE,SAFF,EAGE,SAHF,CApDK,EAyDLN,IAzDK,CAyDA,IAzDA,CAAP;AA0DD,CA1ED","file":"packages/boilerplate-generator/template-web.browser.js.map","sourcesContent":["// Template function for rendering the boilerplate html for browsers\n\nexport default function({\n  meteorRuntimeConfig,\n  rootUrlPathPrefix,\n  inlineScriptsAllowed,\n  css,\n  js,\n  additionalStaticJs,\n  htmlAttributes,\n  bundledJsCssUrlRewriteHook,\n  head,\n  body,\n  dynamicHead,\n  dynamicBody,\n}) {\n  return [].concat(\n    [\n      '<html' +_.map(htmlAttributes, (value, key) =>\n        _.template(' <%= attrName %>=\"<%- attrValue %>\"')({\n          attrName: key,\n          attrValue: value\n        })\n      ).join('') + '>',\n      '<head>'\n    ],\n\n    _.map(css, ({url}) =>\n      _.template('  <link rel=\"stylesheet\" type=\"text/css\" class=\"__meteor-css__\" href=\"<%- href %>\">')({\n        href: bundledJsCssUrlRewriteHook(url)\n      })\n    ),\n\n    [\n      head,\n      dynamicHead,\n      '</head>',\n      '<body>',\n      body,\n      dynamicBody,\n      '',\n      (inlineScriptsAllowed\n        ? _.template('  <script type=\"text/javascript\">__meteor_runtime_config__ = JSON.parse(decodeURIComponent(<%= conf %>))</script>')({\n          conf: meteorRuntimeConfig\n        })\n        : _.template('  <script type=\"text/javascript\" src=\"<%- src %>/meteor_runtime_config.js\"></script>')({\n          src: rootUrlPathPrefix\n        })\n      ) ,\n      ''\n    ],\n\n    _.map(js, ({url}) =>\n      _.template('  <script type=\"text/javascript\" src=\"<%- src %>\"></script>')({\n        src: bundledJsCssUrlRewriteHook(url)\n      })\n    ),\n\n    _.map(additionalStaticJs, ({contents, pathname}) => (\n      (inlineScriptsAllowed\n        ? _.template('  <script><%= contents %></script>')({\n          contents: contents\n        })\n        : _.template('  <script type=\"text/javascript\" src=\"<%- src %>\"></script>')({\n          src: rootUrlPathPrefix + pathname\n        }))\n    )),\n\n    [\n      '', '',\n      '</body>',\n      '</html>'\n    ],\n  ).join('\\n');\n}\n\n"]},"hash":"9adc600bbd30a91121b1e7b81ae3a11f33335cb4"}
