{"metadata":{"usedHelpers":[],"marked":[],"modules":{"imports":[{"source":"meteor/session","imported":["Session"],"specifiers":[{"kind":"named","imported":"Session","local":"Session"}]}],"exports":{"exported":["name"],"specifiers":[{"kind":"local","local":"name","exported":"name"}]}}},"options":{"filename":"packages/bmcdonald:gif-builder/gif-builder.js","filenameRelative":"packages/bmcdonald:gif-builder/gif-builder.js","env":{"development":{"plugins":[]}},"retainLines":false,"highlightCode":true,"suppressDeprecationMessages":false,"presets":[],"plugins":[[[],{"generateLetDeclarations":true,"enforceStrictMode":false}],[[],null],[[],{"polyfill":false}],[[],null],[[],null],[[],null],[[],{"allowTopLevelThis":true,"strict":false,"loose":true}],[[],null],[[],null],[[],null],[[],null],[[],null],[[],null],[[],null],[[],null],[[],null],[[],null],[[],null],[[],null],[[],{"loose":true}],[[],{"loose":true}],[[],null],[[],{"loose":true}],[[],null],[[],null],[[],null],[[],null],[[],null],[[],null],[[],{"loose":true}],[[],null],[[],null],[[],null],[[],null],[[],null],[[],null],[[],null]],"ignore":[],"code":true,"metadata":true,"ast":true,"comments":true,"compact":false,"minified":false,"sourceMap":true,"sourceMaps":true,"sourceMapTarget":"packages/bmcdonald:gif-builder/gif-builder.js.map","sourceFileName":"packages/bmcdonald:gif-builder/gif-builder.js","babelrc":false,"sourceType":"module","moduleIds":false,"passPerPreset":false,"parserOpts":false,"generatorOpts":false,"basename":"gif-builder"},"ignored":false,"code":"var module1 = module;\nmodule1.export({\n  name: function () {\n    return name;\n  }\n});\nvar Session = void 0;\nmodule1.watch(require(\"meteor/session\"), {\n  Session: function (v) {\n    Session = v;\n  }\n}, 0);\nvar name = 'gifbuilder';\nSession.set('gifImage', null);\nSession.set('isRendered', false);\nTemplate.dragdrop.onRendered(function () {\n  var myDropzone = new Dropzone(\"div#myId\", {\n    url: \"/uploads~\",\n    uploadMultiple: true,\n    addRemoveLinks: true,\n    autoDiscovery: false,\n    maxFiles: 5\n  });\n  ;\n  myDropzone.on(\"queuecomplete\", function () {\n    gifShot(myDropzone.files);\n  });\n});\nTemplate.gif.helpers({\n  gifImage: function () {\n    return Session.get('gifImage');\n  }\n});\n\nvar fn = function () {\n  function pFileReader(file) {\n    return new Promise(function (resolve, reject) {\n      var fr = new FileReader();\n\n      fr.onload = function () {\n        resolve(this.result);\n      };\n\n      fr.readAsDataURL(file);\n    });\n  }\n\n  return pFileReader;\n}();\n\nfunction gifShot(inputFiles) {\n  var actions = inputFiles.map(fn);\n  var results = Promise.all(actions);\n  results.then(function (images) {\n    return gifshot.createGIF({\n      images: images,\n      interval: .8\n    }, function (obj) {\n      if (!obj.error) {\n        Session.set('gifImage', obj.image);\n      }\n    });\n  });\n}","map":{"version":3,"sources":["packages/bmcdonald:gif-builder/gif-builder.js"],"names":["module1","module","export","name","Session","watch","require","v","set","Template","dragdrop","onRendered","myDropzone","Dropzone","url","uploadMultiple","addRemoveLinks","autoDiscovery","maxFiles","on","gifShot","files","gif","helpers","gifImage","get","fn","pFileReader","file","Promise","resolve","reject","fr","FileReader","onload","result","readAsDataURL","inputFiles","actions","map","results","all","then","gifshot","createGIF","images","interval","obj","error","image"],"mappings":"AAAA,IAAMA,UAAQC,MAAd;AAAqBD,QAAQE,MAAR,CAAe;AAACC,QAAK;AAAA,WAAIA,IAAJ;AAAA;AAAN,CAAf;AAAgC,IAAIC,gBAAJ;AAAYJ,QAAQK,KAAR,CAAcC,QAAQ,gBAAR,CAAd,EAAwC;AAACF,SAAD,YAASG,CAAT,EAAW;AAACH,cAAQG,CAAR;AAAU;AAAtB,CAAxC,EAAgE,CAAhE;AAK1D,IAAMJ,OAAO,YAAb;AAEPC,QAAQI,GAAR,CAAY,UAAZ,EAAuB,IAAvB;AACAJ,QAAQI,GAAR,CAAY,YAAZ,EAAyB,KAAzB;AAEAC,SAASC,QAAT,CAAkBC,UAAlB,CAA6B,YAAU;AACrC,MAAIC,aAAa,IAAIC,QAAJ,CAAa,UAAb,EAAyB;AAAEC,SAAK,WAAP;AAAoBC,oBAAe,IAAnC;AAA2CC,oBAAe,IAA1D;AAAgEC,mBAAc,KAA9E;AAAqFC,cAAS;AAA9F,GAAzB,CAAjB;AAA4I;AAE5IN,aAAWO,EAAX,CAAc,eAAd,EAA+B,YAAW;AACtCC,YAAQR,WAAWS,KAAnB;AACH,GAFD;AAGA,CANF;AAQAZ,SAASa,GAAT,CAAaC,OAAb,CAAqB;AACnBC,YAAU,YAAW;AACnB,WAAOpB,QAAQqB,GAAR,CAAY,UAAZ,CAAP;AACD;AAHkB,CAArB;;AAMA,IAAIC;AAAK,WAASC,WAAT,CAAqBC,IAArB,EAA0B;AACjC,WAAO,IAAIC,OAAJ,CAAY,UAACC,OAAD,EAAUC,MAAV,EAAqB;AACtC,UAAIC,KAAK,IAAIC,UAAJ,EAAT;;AACAD,SAAGE,MAAH,GAAY,YAAU;AACpBJ,gBAAQ,KAAKK,MAAb;AACD,OAFD;;AAGAH,SAAGI,aAAH,CAAiBR,IAAjB;AACD,KANM,CAAP;AAOD;;AARG,SAAcD,WAAd;AAAA,GAAJ;;AAUA,SAASP,OAAT,CAAiBiB,UAAjB,EAA6B;AAE3B,MAAIC,UAAUD,WAAWE,GAAX,CAAeb,EAAf,CAAd;AACA,MAAIc,UAAUX,QAAQY,GAAR,CAAYH,OAAZ,CAAd;AAEAE,UAAQE,IAAR,CAAa;AAAA,WACTC,QAAQC,SAAR,CAAkB;AAClBC,cAAQA,MADU;AAElBC,gBAAS;AAFS,KAAlB,EAGA,UAASC,GAAT,EAAc;AACV,UAAG,CAACA,IAAIC,KAAR,EAAe;AACb5C,gBAAQI,GAAR,CAAY,UAAZ,EAAuBuC,IAAIE,KAA3B;AACD;AACF,KAPH,CADS;AAAA,GAAb;AAWD","file":"packages/bmcdonald:gif-builder/gif-builder.js.map","sourcesContent":["// Write your package code here!\nimport { Session } from 'meteor/session';\n\n// Variables exported by this module can be imported by other packages and\n// applications. See gif-builder-tests.js for an example of importing.\nexport const name = 'gifbuilder';\n\nSession.set('gifImage',null);\nSession.set('isRendered',false);\n\nTemplate.dragdrop.onRendered(function(){ \n  var myDropzone = new Dropzone(\"div#myId\", { url: \"/uploads~\", uploadMultiple:true,   addRemoveLinks:true, autoDiscovery:false, maxFiles:5});;\n\n  myDropzone.on(\"queuecomplete\", function() {\n      gifShot(myDropzone.files);\n  });\n }) \n\nTemplate.gif.helpers({\n  gifImage: function() {\n    return Session.get('gifImage');\n  }\n})\n\nvar fn = function pFileReader(file){\n  return new Promise((resolve, reject) => {\n    var fr = new FileReader();  \n    fr.onload = function(){\n      resolve(this.result);\n    };\n    fr.readAsDataURL(file);\n  });\n}\n\nfunction gifShot(inputFiles) {\n\n  var actions = inputFiles.map(fn);\n  var results = Promise.all(actions);\n\n  results.then(images => \n      gifshot.createGIF({\n      images: images,\n      interval:.8\n    },function(obj) {\n          if(!obj.error) {\n            Session.set('gifImage',obj.image);\n          }\n        })\n    );\n\n}\n"]},"hash":"aacd3d413228cf68f6ca9ac1b4ba59aa8fab840a"}
