{"metadata":{"usedHelpers":[],"marked":[],"modules":{"imports":[],"exports":{"exported":[],"specifiers":[]}}},"options":{"filename":"packages/bmcdonald:gif-builder/gif-builder-template.js","filenameRelative":"packages/bmcdonald:gif-builder/gif-builder-template.js","env":{"development":{"plugins":[]}},"retainLines":false,"highlightCode":true,"suppressDeprecationMessages":false,"presets":[],"plugins":[[[],{"generateLetDeclarations":true,"enforceStrictMode":false}],[[],null],[[],{"polyfill":false}],[[],null],[[],null],[[],null],[[],{"allowTopLevelThis":true,"strict":false,"loose":true}],[[],null],[[],null],[[],null],[[],null],[[],null],[[],null],[[],null],[[],null],[[],null],[[],null],[[],null],[[],null],[[],{"loose":true}],[[],{"loose":true}],[[],null],[[],{"loose":true}],[[],null],[[],null],[[],null],[[],null],[[],null],[[],null],[[],{"loose":true}],[[],null],[[],null],[[],null],[[],null],[[],null],[[],null],[[],null]],"ignore":[],"code":true,"metadata":true,"ast":true,"comments":true,"compact":false,"minified":false,"sourceMap":true,"sourceMaps":true,"sourceMapTarget":"packages/bmcdonald:gif-builder/gif-builder-template.js.map","sourceFileName":"packages/bmcdonald:gif-builder/gif-builder-template.js","babelrc":false,"sourceType":"module","moduleIds":false,"passPerPreset":false,"parserOpts":false,"generatorOpts":false,"basename":"gif-builder-template"},"ignored":false,"code":"Session.set('gifImage', null);\nSession.set('interval', \".8\");\nSession.set('save', \"\");\nTemplate.gifbuilder.onRendered(function () {\n  var myDropzone = new Dropzone(\"div#dropZone\", {\n    url: \"/uploads~\",\n    uploadMultiple: true,\n    addRemoveLinks: true,\n    autoDiscovery: false,\n    maxFiles: 5\n  });\n  myDropzone.on(\"queuecomplete\", function () {\n    var actions = myDropzone.files.map(fn);\n    var results = Promise.all(actions);\n    results.then(function (images) {\n      return console.log(JSON.stringify(images));\n    });\n  });\n});\nTemplate.gifbuilder.helpers({\n  gifImage: function () {\n    return Session.get('gifImage');\n  },\n  interval: function () {\n    return Session.get('interval');\n  },\n  save: function () {\n    return Session.get('save');\n  }\n});\nTemplate.gifbuilder.events({\n  'input #interval': function (event) {\n    Session.set('interval', event.currentTarget.value);\n  }\n});\n\nvar fn = function () {\n  function pFileReader(file) {\n    return new Promise(function (resolve, reject) {\n      var fr = new FileReader();\n\n      fr.onload = function () {\n        resolve(this.result);\n      };\n\n      fr.readAsDataURL(file);\n    });\n  }\n\n  return pFileReader;\n}();","map":{"version":3,"sources":["packages/bmcdonald:gif-builder/gif-builder-template.js"],"names":["Session","set","Template","gifbuilder","onRendered","myDropzone","Dropzone","url","uploadMultiple","addRemoveLinks","autoDiscovery","maxFiles","on","actions","files","map","fn","results","Promise","all","then","console","log","JSON","stringify","images","helpers","gifImage","get","interval","save","events","event","currentTarget","value","pFileReader","file","resolve","reject","fr","FileReader","onload","result","readAsDataURL"],"mappings":"AACAA,QAAQC,GAAR,CAAY,UAAZ,EAAuB,IAAvB;AACAD,QAAQC,GAAR,CAAY,UAAZ,EAAuB,IAAvB;AACAD,QAAQC,GAAR,CAAY,MAAZ,EAAmB,EAAnB;AAEAC,SAASC,UAAT,CAAoBC,UAApB,CAA+B,YAAU;AACrC,MAAIC,aAAa,IAAIC,QAAJ,CAAa,cAAb,EAA6B;AAAEC,SAAK,WAAP;AAAoBC,oBAAe,IAAnC;AAA2CC,oBAAe,IAA1D;AAAgEC,mBAAc,KAA9E;AAAqFC,cAAS;AAA9F,GAA7B,CAAjB;AAEAN,aAAWO,EAAX,CAAc,eAAd,EAA+B,YAAW;AAClC,QAAIC,UAAUR,WAAWS,KAAX,CAAiBC,GAAjB,CAAqBC,EAArB,CAAd;AACA,QAAIC,UAAUC,QAAQC,GAAR,CAAYN,OAAZ,CAAd;AAEAI,YAAQG,IAAR,CAAa;AAAA,aACTC,QAAQC,GAAR,CAAYC,KAAKC,SAAL,CAAeC,MAAf,CAAZ,CADS;AAAA,KAAb;AAED,GANP;AAOH,CAVD;AAYAvB,SAASC,UAAT,CAAoBuB,OAApB,CAA4B;AACxBC,YAAU,YAAW;AACnB,WAAO3B,QAAQ4B,GAAR,CAAY,UAAZ,CAAP;AACD,GAHuB;AAIxBC,YAAU,YAAW;AACjB,WAAO7B,QAAQ4B,GAAR,CAAY,UAAZ,CAAP;AACD,GANqB;AAOxBE,QAAM,YAAW;AACb,WAAO9B,QAAQ4B,GAAR,CAAY,MAAZ,CAAP;AACD;AATqB,CAA5B;AAYE1B,SAASC,UAAT,CAAoB4B,MAApB,CAA2B;AACzB,qBAAmB,UAASC,KAAT,EAAgB;AAC/BhC,YAAQC,GAAR,CAAY,UAAZ,EAAwB+B,MAAMC,aAAN,CAAoBC,KAA5C;AACH;AAHwB,CAA3B;;AAMF,IAAIlB;AAAK,WAASmB,WAAT,CAAqBC,IAArB,EAA0B;AAC/B,WAAO,IAAIlB,OAAJ,CAAY,UAACmB,OAAD,EAAUC,MAAV,EAAqB;AACtC,UAAIC,KAAK,IAAIC,UAAJ,EAAT;;AACAD,SAAGE,MAAH,GAAY,YAAU;AACpBJ,gBAAQ,KAAKK,MAAb;AACD,OAFD;;AAGAH,SAAGI,aAAH,CAAiBP,IAAjB;AACD,KANM,CAAP;AAOD;;AARC,SAAcD,WAAd;AAAA,GAAJ","file":"packages/bmcdonald:gif-builder/gif-builder-template.js.map","sourcesContent":["\nSession.set('gifImage',null);\nSession.set('interval',\".8\");\nSession.set('save',\"\");\n\nTemplate.gifbuilder.onRendered(function(){ \n    var myDropzone = new Dropzone(\"div#dropZone\", { url: \"/uploads~\", uploadMultiple:true,   addRemoveLinks:true, autoDiscovery:false, maxFiles:5});\n\n    myDropzone.on(\"queuecomplete\", function() {\n            var actions = myDropzone.files.map(fn);\n            var results = Promise.all(actions);\n          \n            results.then(images => \n                console.log(JSON.stringify(images)))\n          });\n})\n\nTemplate.gifbuilder.helpers({\n    gifImage: function() {\n      return Session.get('gifImage');\n    },\n    interval: function() {\n        return Session.get('interval');\n      },\n    save: function() {\n        return Session.get('save');\n      },  \n  })\n\n  Template.gifbuilder.events({\n    'input #interval': function(event) {\n        Session.set('interval', event.currentTarget.value );\n    }\n  })\n\nvar fn = function pFileReader(file){\n    return new Promise((resolve, reject) => {\n      var fr = new FileReader();  \n      fr.onload = function(){\n        resolve(this.result);\n      };\n      fr.readAsDataURL(file);\n    });\n  }\n\n"]},"hash":"af1a27675ba29cc923d096fe1ee7f0b7d569e9e0"}
