{"metadata":{"usedHelpers":[],"marked":[],"modules":{"imports":[{"source":"meteor/templating","imported":["Template"],"specifiers":[{"kind":"named","imported":"Template","local":"Template"}]},{"source":"meteor/reactive-var","imported":["ReactiveVar"],"specifiers":[{"kind":"named","imported":"ReactiveVar","local":"ReactiveVar"}]},{"source":"./main.html","imported":[],"specifiers":[]}],"exports":{"exported":[],"specifiers":[]}}},"options":{"filename":"client/main.js","filenameRelative":"client/main.js","env":{"development":{"plugins":[]}},"retainLines":false,"highlightCode":true,"suppressDeprecationMessages":false,"presets":[],"plugins":[[[],{"generateLetDeclarations":true,"enforceStrictMode":false}],[[],null],[[],{"polyfill":false}],[[],null],[[],null],[[],null],[[],{"allowTopLevelThis":true,"strict":false,"loose":true}],[[],null],[[],null],[[],null],[[],null],[[],null],[[],null],[[],null],[[],null],[[],null],[[],null],[[],null],[[],null],[[],{"loose":true}],[[],{"loose":true}],[[],null],[[],{"loose":true}],[[],null],[[],null],[[],null],[[],null],[[],null],[[],null],[[],{"loose":true}],[[],null],[[],null],[[],null],[[],null],[[],null],[[],null],[[],null]],"ignore":[],"code":true,"metadata":true,"ast":true,"comments":true,"compact":false,"minified":false,"sourceMap":true,"sourceMaps":true,"sourceMapTarget":"client/main.js.map","sourceFileName":"client/main.js","babelrc":false,"sourceType":"module","moduleIds":false,"passPerPreset":false,"parserOpts":false,"generatorOpts":false,"basename":"main"},"ignored":false,"code":"var Template = void 0;\nmodule.watch(require(\"meteor/templating\"), {\n  Template: function (v) {\n    Template = v;\n  }\n}, 0);\nvar ReactiveVar = void 0;\nmodule.watch(require(\"meteor/reactive-var\"), {\n  ReactiveVar: function (v) {\n    ReactiveVar = v;\n  }\n}, 1);\nmodule.watch(require(\"./main.html\"));\nTemplate.hello.onCreated(function () {\n  function helloOnCreated() {\n    // counter starts at 0\n    this.counter = new ReactiveVar(0);\n    console.log('hello');\n    var holder = this.find('holder'),\n        state = this.find('status');\n\n    if (typeof window.FileReader === 'undefined') {\n      state.className = 'fail';\n    } else {\n      state.className = 'success';\n      state.innerHTML = 'File API & FileReader available';\n    }\n\n    holder.ondragover = function () {\n      this.className = 'hover';\n      return false;\n    };\n\n    holder.ondragend = function () {\n      this.className = '';\n      return false;\n    };\n\n    holder.ondrop = function (e) {\n      this.className = '';\n      e.preventDefault();\n      var file = e.dataTransfer.files[0],\n          reader = new FileReader();\n\n      reader.onload = function (event) {\n        console.log(event.target);\n        holder.style.background = 'url(' + event.target.result + ') no-repeat center';\n      };\n\n      console.log(file);\n      reader.readAsDataURL(file);\n      return false;\n    };\n  }\n\n  return helloOnCreated;\n}());\nTemplate.hello.helpers({\n  counter: function () {\n    return Template.instance().counter.get();\n  }\n});\nTemplate.hello.events({\n  'click button': function (event, instance) {\n    // increment the counter when button is clicked\n    instance.counter.set(instance.counter.get() + 1);\n  }\n});","map":{"version":3,"sources":["client/main.js"],"names":["Template","module","watch","require","v","ReactiveVar","hello","onCreated","helloOnCreated","counter","console","log","holder","find","state","window","FileReader","className","innerHTML","ondragover","ondragend","ondrop","e","preventDefault","file","dataTransfer","files","reader","onload","event","target","style","background","result","readAsDataURL","helpers","instance","get","events","set"],"mappings":"AAAA,IAAIA,iBAAJ;AAAaC,OAAOC,KAAP,CAAaC,QAAQ,mBAAR,CAAb,EAA0C;AAACH,UAAD,YAAUI,CAAV,EAAY;AAACJ,eAASI,CAAT;AAAW;AAAxB,CAA1C,EAAoE,CAApE;AAAuE,IAAIC,oBAAJ;AAAgBJ,OAAOC,KAAP,CAAaC,QAAQ,qBAAR,CAAb,EAA4C;AAACE,aAAD,YAAaD,CAAb,EAAe;AAACC,kBAAYD,CAAZ;AAAc;AAA9B,CAA5C,EAA4E,CAA5E;AAA+EH,OAAOC,KAAP,CAAaC,QAAQ,aAAR,CAAb;AAMnLH,SAASM,KAAT,CAAeC,SAAf;AAAyB,WAASC,cAAT,GAA0B;AACjD;AACA,SAAKC,OAAL,GAAe,IAAIJ,WAAJ,CAAgB,CAAhB,CAAf;AACAK,YAAQC,GAAR,CAAY,OAAZ;AACA,QAAIC,SAAS,KAAKC,IAAL,CAAU,QAAV,CAAb;AAAA,QACAC,QAAQ,KAAKD,IAAL,CAAU,QAAV,CADR;;AAGA,QAAI,OAAOE,OAAOC,UAAd,KAA6B,WAAjC,EAA8C;AAC9CF,YAAMG,SAAN,GAAkB,MAAlB;AACC,KAFD,MAEO;AACPH,YAAMG,SAAN,GAAkB,SAAlB;AACAH,YAAMI,SAAN,GAAkB,iCAAlB;AACC;;AAEDN,WAAOO,UAAP,GAAoB,YAAY;AAAE,WAAKF,SAAL,GAAiB,OAAjB;AAA0B,aAAO,KAAP;AAAe,KAA3E;;AACAL,WAAOQ,SAAP,GAAmB,YAAY;AAAE,WAAKH,SAAL,GAAiB,EAAjB;AAAqB,aAAO,KAAP;AAAe,KAArE;;AACAL,WAAOS,MAAP,GAAgB,UAAUC,CAAV,EAAa;AAC7B,WAAKL,SAAL,GAAiB,EAAjB;AACAK,QAAEC,cAAF;AAEA,UAAIC,OAAOF,EAAEG,YAAF,CAAeC,KAAf,CAAqB,CAArB,CAAX;AAAA,UACAC,SAAS,IAAIX,UAAJ,EADT;;AAEAW,aAAOC,MAAP,GAAgB,UAAUC,KAAV,EAAiB;AAC/BnB,gBAAQC,GAAR,CAAYkB,MAAMC,MAAlB;AACAlB,eAAOmB,KAAP,CAAaC,UAAb,GAA0B,SAASH,MAAMC,MAAN,CAAaG,MAAtB,GAA+B,oBAAzD;AACD,OAHD;;AAIAvB,cAAQC,GAAR,CAAYa,IAAZ;AACAG,aAAOO,aAAP,CAAqBV,IAArB;AAEA,aAAO,KAAP;AACC,KAdD;AAeD;;AA/BD,SAAkChB,cAAlC;AAAA;AAiCAR,SAASM,KAAT,CAAe6B,OAAf,CAAuB;AACrB1B,SADqB,cACX;AACR,WAAOT,SAASoC,QAAT,GAAoB3B,OAApB,CAA4B4B,GAA5B,EAAP;AACD;AAHoB,CAAvB;AAMArC,SAASM,KAAT,CAAegC,MAAf,CAAsB;AACpB,gBADoB,YACLT,KADK,EACEO,QADF,EACY;AAC9B;AACAA,aAAS3B,OAAT,CAAiB8B,GAAjB,CAAqBH,SAAS3B,OAAT,CAAiB4B,GAAjB,KAAyB,CAA9C;AACD;AAJmB,CAAtB","file":"client/main.js.map","sourcesContent":["import { Template } from 'meteor/templating';\nimport { ReactiveVar } from 'meteor/reactive-var';\n\nimport './main.html';\n\n\nTemplate.hello.onCreated(function helloOnCreated() {\n  // counter starts at 0\n  this.counter = new ReactiveVar(0);\n  console.log('hello');\n  var holder = this.find('holder'),\n  state = this.find('status');\n\n  if (typeof window.FileReader === 'undefined') {\n  state.className = 'fail';\n  } else {\n  state.className = 'success';\n  state.innerHTML = 'File API & FileReader available';\n  }\n\n  holder.ondragover = function () { this.className = 'hover'; return false; };\n  holder.ondragend = function () { this.className = ''; return false; };\n  holder.ondrop = function (e) {\n  this.className = '';\n  e.preventDefault();\n\n  var file = e.dataTransfer.files[0],\n  reader = new FileReader();\n  reader.onload = function (event) {\n    console.log(event.target);\n    holder.style.background = 'url(' + event.target.result + ') no-repeat center';\n  };\n  console.log(file);\n  reader.readAsDataURL(file);\n\n  return false;\n  };\n});\n\nTemplate.hello.helpers({\n  counter() {\n    return Template.instance().counter.get();\n  },\n});\n\nTemplate.hello.events({\n  'click button'(event, instance) {\n    // increment the counter when button is clicked\n    instance.counter.set(instance.counter.get() + 1);\n  },\n});\n"]},"hash":"bdadcc7f5566c746a915aeb8bc5f2de60f8a2ea8"}
