{"metadata":{"usedHelpers":[],"marked":[],"modules":{"imports":[{"source":"meteor/templating","imported":["Template"],"specifiers":[{"kind":"named","imported":"Template","local":"Template"}]},{"source":"meteor/reactive-var","imported":["ReactiveVar"],"specifiers":[{"kind":"named","imported":"ReactiveVar","local":"ReactiveVar"}]},{"source":"./main.html","imported":[],"specifiers":[]}],"exports":{"exported":[],"specifiers":[]}}},"options":{"filename":"client/main.js","filenameRelative":"client/main.js","env":{"development":{"plugins":[]}},"retainLines":false,"highlightCode":true,"suppressDeprecationMessages":false,"presets":[],"plugins":[[[],{"generateLetDeclarations":true,"enforceStrictMode":false}],[[],null],[[],{"polyfill":false}],[[],null],[[],null],[[],null],[[],{"allowTopLevelThis":true,"strict":false,"loose":true}],[[],null],[[],null],[[],null],[[],null],[[],null],[[],null],[[],null],[[],null],[[],null],[[],null],[[],null],[[],null],[[],{"loose":true}],[[],{"loose":true}],[[],null],[[],{"loose":true}],[[],null],[[],null],[[],null],[[],null],[[],null],[[],null],[[],{"loose":true}],[[],null],[[],null],[[],null],[[],null],[[],null],[[],null],[[],null]],"ignore":[],"code":true,"metadata":true,"ast":true,"comments":true,"compact":false,"minified":false,"sourceMap":true,"sourceMaps":true,"sourceMapTarget":"client/main.js.map","sourceFileName":"client/main.js","babelrc":false,"sourceType":"module","moduleIds":false,"passPerPreset":false,"parserOpts":false,"generatorOpts":false,"basename":"main"},"ignored":false,"code":"var Template = void 0;\nmodule.watch(require(\"meteor/templating\"), {\n  Template: function (v) {\n    Template = v;\n  }\n}, 0);\nvar ReactiveVar = void 0;\nmodule.watch(require(\"meteor/reactive-var\"), {\n  ReactiveVar: function (v) {\n    ReactiveVar = v;\n  }\n}, 1);\nmodule.watch(require(\"./main.html\"));\n\nTemplate.fuckit.rendered = function () {\n  $(\"div#myId\").dropzone({\n    url: \"/file/post\"\n  });\n};","map":{"version":3,"sources":["client/main.js"],"names":["Template","module","watch","require","v","ReactiveVar","fuckit","rendered","$","dropzone","url"],"mappings":"AAAA,IAAIA,iBAAJ;AAAaC,OAAOC,KAAP,CAAaC,QAAQ,mBAAR,CAAb,EAA0C;AAACH,UAAD,YAAUI,CAAV,EAAY;AAACJ,eAASI,CAAT;AAAW;AAAxB,CAA1C,EAAoE,CAApE;AAAuE,IAAIC,oBAAJ;AAAgBJ,OAAOC,KAAP,CAAaC,QAAQ,qBAAR,CAAb,EAA4C;AAACE,aAAD,YAAaD,CAAb,EAAe;AAACC,kBAAYD,CAAZ;AAAc;AAA9B,CAA5C,EAA4E,CAA5E;AAA+EH,OAAOC,KAAP,CAAaC,QAAQ,aAAR,CAAb;;AAOnLH,SAASM,MAAT,CAAgBC,QAAhB,GAA2B,YAAW;AACpCC,IAAE,UAAF,EAAcC,QAAd,CAAuB;AAAEC,SAAK;AAAP,GAAvB;AACD,CAFD","file":"client/main.js.map","sourcesContent":["import { Template } from 'meteor/templating';\nimport { ReactiveVar } from 'meteor/reactive-var';\n\nimport './main.html';\n\n\n\nTemplate.fuckit.rendered = function() {\n  $(\"div#myId\").dropzone({ url: \"/file/post\" });\n}\n"]},"hash":"bf932f05e28f5f317f2bfadf28571327e86610d6"}
