{"metadata":{"usedHelpers":[],"marked":[],"modules":{"imports":[],"exports":{"exported":[],"specifiers":[]}}},"options":{"filename":"packages/dynamic-import/dynamic-versions.js","filenameRelative":"packages/dynamic-import/dynamic-versions.js","env":{"development":{"plugins":[]}},"retainLines":false,"highlightCode":true,"suppressDeprecationMessages":false,"presets":[],"plugins":[[[],{"generateLetDeclarations":true,"enforceStrictMode":false}],[[],null],[[],{"polyfill":false}],[[],null],[[],null],[[],null],[[],{"allowTopLevelThis":true,"strict":false,"loose":true}],[[],null],[[],null],[[],null],[[],null],[[],null],[[],null],[[],null],[[],null],[[],null],[[],null],[[],null],[[],null],[[],{"loose":true}],[[],{"loose":true}],[[],null],[[],{"loose":true}],[[],null],[[],null],[[],null],[[],null],[[],null],[[],null],[[],{"loose":true}],[[],null],[[],null],[[],null],[[],null],[[],null],[[],null],[[],null]],"ignore":[],"code":true,"metadata":true,"ast":true,"comments":true,"compact":false,"minified":false,"sourceMap":true,"sourceMaps":true,"sourceMapTarget":"packages/dynamic-import/dynamic-versions.js.map","sourceFileName":"packages/dynamic-import/dynamic-versions.js","babelrc":false,"sourceType":"module","moduleIds":false,"passPerPreset":false,"parserOpts":false,"generatorOpts":false,"basename":"dynamic-versions"},"ignored":false,"code":"// This magic double-underscored identifier gets replaced in\n// tools/isobuild/bundler.js with a tree of hashes of all dynamic\n// modules, for use in client.js and cache.js.\nmodule.exports = __DYNAMIC_VERSIONS__;","map":{"version":3,"sources":["packages/dynamic-import/dynamic-versions.js"],"names":["module","exports","__DYNAMIC_VERSIONS__"],"mappings":"AAAA;AACA;AACA;AACAA,OAAOC,OAAP,GAAiBC,oBAAjB","file":"packages/dynamic-import/dynamic-versions.js.map","sourcesContent":["// This magic double-underscored identifier gets replaced in\n// tools/isobuild/bundler.js with a tree of hashes of all dynamic\n// modules, for use in client.js and cache.js.\nmodule.exports = __DYNAMIC_VERSIONS__;\n"]},"hash":"bfb66e8d647bced1ca72099125af310186bc0d8b"}
