{"metadata":{"usedHelpers":["classCallCheck","interopRequireDefault"],"marked":[],"modules":{"imports":[],"exports":{"exported":["ObserveHandle"],"specifiers":[{"kind":"local","local":"ObserveHandle","exported":"default"}]}}},"options":{"filename":"packages/minimongo/observe_handle.js","filenameRelative":"packages/minimongo/observe_handle.js","env":{"development":{"plugins":[]}},"retainLines":false,"highlightCode":true,"suppressDeprecationMessages":false,"presets":[],"plugins":[[[],{"generateLetDeclarations":true,"enforceStrictMode":false}],[[],null],[[],{"polyfill":false}],[[],null],[[],null],[[],null],[[],{"allowTopLevelThis":true,"strict":false,"loose":true}],[[],null],[[],null],[[],null],[[],null],[[],null],[[],null],[[],null],[[],null],[[],null],[[],null],[[],null],[[],null],[[],{"loose":true}],[[],{"loose":true}],[[],null],[[],{"loose":true}],[[],null],[[],null],[[],null],[[],null],[[],null],[[],null],[[],{"loose":true}],[[],null],[[],null],[[],null],[[],null],[[],null],[[],null],[[],null]],"ignore":[],"code":true,"metadata":true,"ast":true,"comments":true,"compact":false,"minified":false,"sourceMap":true,"sourceMaps":true,"sourceMapTarget":"packages/minimongo/observe_handle.js.map","sourceFileName":"packages/minimongo/observe_handle.js","babelrc":false,"sourceType":"module","moduleIds":false,"passPerPreset":false,"parserOpts":false,"generatorOpts":false,"basename":"observe_handle"},"ignored":false,"code":"var _classCallCheck2 = require(\"babel-runtime/helpers/classCallCheck\");\n\nvar _classCallCheck3 = _interopRequireDefault(_classCallCheck2);\n\nfunction _interopRequireDefault(obj) { return obj && obj.__esModule ? obj : { \"default\": obj }; }\n\nmodule.export({\n  \"default\": function () {\n    return ObserveHandle;\n  }\n});\n\nvar ObserveHandle = function () {\n  function ObserveHandle() {\n    (0, _classCallCheck3.default)(this, ObserveHandle);\n  }\n\n  return ObserveHandle;\n}();","map":{"version":3,"sources":["packages/minimongo/observe_handle.js"],"names":["module","export","ObserveHandle"],"mappings":";;;;;;AAAAA,OAAOC,MAAP,CAAc;AAAC,aAAQ;AAAA,WAAIC,aAAJ;AAAA;AAAT,CAAd;;IACqBA,a","file":"packages/minimongo/observe_handle.js.map","sourcesContent":["// ObserveHandle: the return value of a live query.\nexport default class ObserveHandle {}\n"]},"hash":"c63d78d66f7b329c23dc07a1856544841e464cec"}
