{"metadata":{"usedHelpers":[],"marked":[],"modules":{"imports":[{"source":"meteor/meteor","imported":["Meteor"],"specifiers":[{"kind":"named","imported":"Meteor","local":"Meteor"}]}],"exports":{"exported":[],"specifiers":[]}}},"options":{"filename":"server/main.js","filenameRelative":"server/main.js","env":{"development":{"plugins":[]}},"retainLines":false,"highlightCode":true,"suppressDeprecationMessages":false,"presets":[],"plugins":[[[],{"generateLetDeclarations":true,"enforceStrictMode":false}],[[],null],[[],{"polyfill":false}],[[],null],[[],null],[[],null],[[],{"allowTopLevelThis":true,"strict":false,"loose":true}],[[],null],[[],null],[[],null],[[],null],[[],null],[[],null],[[],null],[[],null],[[],null],[[],null],[[],null],[[],null],[[],{"loose":true}],[[],{"loose":true}],[[],null],[[],{"loose":true}],[[],null],[[],null],[[],null],[[],null],[[],null],[[],null],[[],{"loose":true}],[[],null],[[],null],[[],null],[[],null],[[],null],[[],null],[[],null]],"ignore":[],"code":true,"metadata":true,"ast":true,"comments":true,"compact":false,"minified":false,"sourceMap":true,"sourceMaps":true,"sourceMapTarget":"server/main.js.map","sourceFileName":"server/main.js","babelrc":false,"sourceType":"module","moduleIds":false,"passPerPreset":false,"parserOpts":false,"generatorOpts":false,"basename":"main"},"ignored":false,"code":"var Meteor = void 0;\nmodule.watch(require(\"meteor/meteor\"), {\n  Meteor: function (v) {\n    Meteor = v;\n  }\n}, 0);\nSession.set('gifshotReady', false);\nMeteor.startup(function () {\n  // code to run on server at startup\n  $.getScript('https://cdnjs.cloudflare.com/ajax/libs/gifshot/0.3.2/gifshot.min.js', function () {\n    // script has loaded\n    Session.set('gifshotReady', true);\n  });\n  UploadServer.init({\n    tmpDir: process.env.PWD + '/public/uploads',\n    uploadDir: process.env.PWD + '/public/uploads',\n    checkCreateDirectories: true,\n    uploadUrl: '/upload'\n  });\n});","map":{"version":3,"sources":["server/main.js"],"names":["Meteor","module","watch","require","v","Session","set","startup","$","getScript","UploadServer","init","tmpDir","process","env","PWD","uploadDir","checkCreateDirectories","uploadUrl"],"mappings":"AAAA,IAAIA,eAAJ;AAAWC,OAAOC,KAAP,CAAaC,QAAQ,eAAR,CAAb,EAAsC;AAACH,QAAD,YAAQI,CAAR,EAAU;AAACJ,aAAOI,CAAP;AAAS;AAApB,CAAtC,EAA4D,CAA5D;AAEXC,QAAQC,GAAR,CAAY,cAAZ,EAA4B,KAA5B;AAEAN,OAAOO,OAAP,CAAe,YAAM;AACnB;AAEAC,IAAEC,SAAF,CAAY,qEAAZ,EAAmF,YAAU;AAC3F;AACAJ,YAAQC,GAAR,CAAY,cAAZ,EAA4B,IAA5B;AACA,GAHF;AAMAI,eAAaC,IAAb,CAAkB;AAChBC,YAAQC,QAAQC,GAAR,CAAYC,GAAZ,GAAkB,iBADV;AAEhBC,eAAWH,QAAQC,GAAR,CAAYC,GAAZ,GAAkB,iBAFb;AAGhBE,4BAAwB,IAHR;AAIhBC,eAAW;AAJK,GAAlB;AAMD,CAfD","file":"server/main.js.map","sourcesContent":["import { Meteor } from 'meteor/meteor';\n\nSession.set('gifshotReady', false);\n\nMeteor.startup(() => {\n  // code to run on server at startup\n \n  $.getScript('https://cdnjs.cloudflare.com/ajax/libs/gifshot/0.3.2/gifshot.min.js', function(){\n    // script has loaded\n    Session.set('gifshotReady', true);\n   });\n\n\n  UploadServer.init({\n    tmpDir: process.env.PWD + '/public/uploads',\n    uploadDir: process.env.PWD + '/public/uploads',\n    checkCreateDirectories: true,\n    uploadUrl: '/upload'\n  });\n});\n"]},"hash":"c67baec6f6ce481df71be769b3d2f76bb4484eb7"}
