{"metadata":{"usedHelpers":[],"marked":[],"modules":{"imports":[{"source":"meteor/templating","imported":["Template"],"specifiers":[{"kind":"named","imported":"Template","local":"Template"}]},{"source":"meteor/reactive-var","imported":["ReactiveVar"],"specifiers":[{"kind":"named","imported":"ReactiveVar","local":"ReactiveVar"}]},{"source":"meteor/chfritz:filedrop","imported":["filedrop"],"specifiers":[{"kind":"named","imported":"filedrop","local":"filedrop"}]},{"source":"./main.html","imported":[],"specifiers":[]}],"exports":{"exported":[],"specifiers":[]}}},"options":{"filename":"client/main.js","filenameRelative":"client/main.js","env":{"development":{"plugins":[]}},"retainLines":false,"highlightCode":true,"suppressDeprecationMessages":false,"presets":[],"plugins":[[[],{"generateLetDeclarations":true,"enforceStrictMode":false}],[[],null],[[],{"polyfill":false}],[[],null],[[],null],[[],null],[[],{"allowTopLevelThis":true,"strict":false,"loose":true}],[[],null],[[],null],[[],null],[[],null],[[],null],[[],null],[[],null],[[],null],[[],null],[[],null],[[],null],[[],null],[[],{"loose":true}],[[],{"loose":true}],[[],null],[[],{"loose":true}],[[],null],[[],null],[[],null],[[],null],[[],null],[[],null],[[],{"loose":true}],[[],null],[[],null],[[],null],[[],null],[[],null],[[],null],[[],null]],"ignore":[],"code":true,"metadata":true,"ast":true,"comments":true,"compact":false,"minified":false,"sourceMap":true,"sourceMaps":true,"sourceMapTarget":"client/main.js.map","sourceFileName":"client/main.js","babelrc":false,"sourceType":"module","moduleIds":false,"passPerPreset":false,"parserOpts":false,"generatorOpts":false,"basename":"main"},"ignored":false,"code":"var Template = void 0;\nmodule.watch(require(\"meteor/templating\"), {\n  Template: function (v) {\n    Template = v;\n  }\n}, 0);\nvar ReactiveVar = void 0;\nmodule.watch(require(\"meteor/reactive-var\"), {\n  ReactiveVar: function (v) {\n    ReactiveVar = v;\n  }\n}, 1);\nvar filedrop = void 0;\nmodule.watch(require(\"meteor/chfritz:filedrop\"), {\n  filedrop: function (v) {\n    filedrop = v;\n  }\n}, 2);\nmodule.watch(require(\"./main.html\"));\nTemplate.filedrop.onCreated(function () {\n  function dragpicOnCreated() {\n    // counter starts at 0\n    console.log('drag pic');\n  }\n\n  return dragpicOnCreated;\n}());\nTemplate.filedrop.helpers({\n  dropHandlers: function () {\n    return {\n      onEnter: function (event) {\n        console.log(\"enter\", event);\n      },\n      onDrop: function (files) {\n        console.log(\"dropped\", files);\n      }\n    };\n  }\n});\nTemplate.hello.onCreated(function () {\n  function helloOnCreated() {\n    // counter starts at 0\n    this.counter = new ReactiveVar(0);\n    console.log('hello');\n  }\n\n  return helloOnCreated;\n}());\nTemplate.hello.helpers({\n  counter: function () {\n    return Template.instance().counter.get();\n  }\n});\nTemplate.hello.events({\n  'click button': function (event, instance) {\n    // increment the counter when button is clicked\n    instance.counter.set(instance.counter.get() + 1);\n  }\n});","map":{"version":3,"sources":["client/main.js"],"names":["Template","module","watch","require","v","ReactiveVar","filedrop","onCreated","dragpicOnCreated","console","log","helpers","dropHandlers","onEnter","event","onDrop","files","hello","helloOnCreated","counter","instance","get","events","set"],"mappings":"AAAA,IAAIA,iBAAJ;AAAaC,OAAOC,KAAP,CAAaC,QAAQ,mBAAR,CAAb,EAA0C;AAACH,UAAD,YAAUI,CAAV,EAAY;AAACJ,eAASI,CAAT;AAAW;AAAxB,CAA1C,EAAoE,CAApE;AAAuE,IAAIC,oBAAJ;AAAgBJ,OAAOC,KAAP,CAAaC,QAAQ,qBAAR,CAAb,EAA4C;AAACE,aAAD,YAAaD,CAAb,EAAe;AAACC,kBAAYD,CAAZ;AAAc;AAA9B,CAA5C,EAA4E,CAA5E;AAA+E,IAAIE,iBAAJ;AAAaL,OAAOC,KAAP,CAAaC,QAAQ,yBAAR,CAAb,EAAgD;AAACG,UAAD,YAAUF,CAAV,EAAY;AAACE,eAASF,CAAT;AAAW;AAAxB,CAAhD,EAA0E,CAA1E;AAA6EH,OAAOC,KAAP,CAAaC,QAAQ,aAAR,CAAb;AAM7QH,SAASM,QAAT,CAAkBC,SAAlB;AAA4B,WAASC,gBAAT,GAA4B;AACtD;AACAC,YAAQC,GAAR,CAAY,UAAZ;AACD;;AAHD,SAAqCF,gBAArC;AAAA;AAKAR,SAASM,QAAT,CAAkBK,OAAlB,CAA0B;AACxBC,gBAAc,YAAW;AACrB,WAAO;AACHC,eAAS,UAASC,KAAT,EAAgB;AACrBL,gBAAQC,GAAR,CAAY,OAAZ,EAAqBI,KAArB;AACH,OAHE;AAIHC,cAAQ,UAASC,KAAT,EAAgB;AACpBP,gBAAQC,GAAR,CAAY,SAAZ,EAAuBM,KAAvB;AACH;AANE,KAAP;AAQH;AAVuB,CAA1B;AAcAhB,SAASiB,KAAT,CAAeV,SAAf;AAAyB,WAASW,cAAT,GAA0B;AACjD;AACA,SAAKC,OAAL,GAAe,IAAId,WAAJ,CAAgB,CAAhB,CAAf;AACAI,YAAQC,GAAR,CAAY,OAAZ;AACD;;AAJD,SAAkCQ,cAAlC;AAAA;AAMAlB,SAASiB,KAAT,CAAeN,OAAf,CAAuB;AACrBQ,SADqB,cACX;AACR,WAAOnB,SAASoB,QAAT,GAAoBD,OAApB,CAA4BE,GAA5B,EAAP;AACD;AAHoB,CAAvB;AAMArB,SAASiB,KAAT,CAAeK,MAAf,CAAsB;AACpB,gBADoB,YACLR,KADK,EACEM,QADF,EACY;AAC9B;AACAA,aAASD,OAAT,CAAiBI,GAAjB,CAAqBH,SAASD,OAAT,CAAiBE,GAAjB,KAAyB,CAA9C;AACD;AAJmB,CAAtB","file":"client/main.js.map","sourcesContent":["import { Template } from 'meteor/templating';\nimport { ReactiveVar } from 'meteor/reactive-var';\nimport { filedrop } from 'meteor/chfritz:filedrop';\n\nimport './main.html';\n\nTemplate.filedrop.onCreated(function dragpicOnCreated() {\n  // counter starts at 0\n  console.log('drag pic');\n});\n\nTemplate.filedrop.helpers({\n  dropHandlers: function() {\n      return {\n          onEnter: function(event) {\n              console.log(\"enter\", event);\n          },\n          onDrop: function(files) {\n              console.log(\"dropped\", files);\n          }\n      };\n  },\n});\n\n\nTemplate.hello.onCreated(function helloOnCreated() {\n  // counter starts at 0\n  this.counter = new ReactiveVar(0);\n  console.log('hello');\n});\n\nTemplate.hello.helpers({\n  counter() {\n    return Template.instance().counter.get();\n  },\n});\n\nTemplate.hello.events({\n  'click button'(event, instance) {\n    // increment the counter when button is clicked\n    instance.counter.set(instance.counter.get() + 1);\n  },\n});\n"]},"hash":"cd356807c63dbbbc816ac54aad45360bdff99569"}
