{"metadata":{"usedHelpers":[],"marked":[],"modules":{"imports":[{"source":"./local_collection.js","imported":["default"],"specifiers":[{"kind":"named","imported":"default","local":"LocalCollection_"}]},{"source":"./matcher.js","imported":["default"],"specifiers":[{"kind":"named","imported":"default","local":"Matcher"}]},{"source":"./sorter.js","imported":["default"],"specifiers":[{"kind":"named","imported":"default","local":"Sorter"}]}],"exports":{"exported":[],"specifiers":[]}}},"options":{"filename":"packages/minimongo/minimongo_common.js","filenameRelative":"packages/minimongo/minimongo_common.js","env":{"development":{"plugins":[]}},"retainLines":false,"highlightCode":true,"suppressDeprecationMessages":false,"presets":[],"plugins":[[[],{"generateLetDeclarations":true,"enforceStrictMode":false}],[[],null],[[],{"polyfill":false}],[[],null],[[],null],[[],null],[[],{"allowTopLevelThis":true,"strict":false,"loose":true}],[[],null],[[],null],[[],null],[[],null],[[],null],[[],null],[[],null],[[],null],[[],null],[[],null],[[],null],[[],null],[[],{"loose":true}],[[],{"loose":true}],[[],null],[[],{"loose":true}],[[],null],[[],null],[[],null],[[],null],[[],null],[[],null],[[],{"loose":true}],[[],null],[[],null],[[],null],[[],null],[[],null],[[],null],[[],null]],"ignore":[],"code":true,"metadata":true,"ast":true,"comments":true,"compact":false,"minified":false,"sourceMap":true,"sourceMaps":true,"sourceMapTarget":"packages/minimongo/minimongo_common.js.map","sourceFileName":"packages/minimongo/minimongo_common.js","babelrc":false,"sourceType":"module","moduleIds":false,"passPerPreset":false,"parserOpts":false,"generatorOpts":false,"basename":"minimongo_common"},"ignored":false,"code":"var LocalCollection_ = void 0;\nmodule.watch(require(\"./local_collection.js\"), {\n    \"default\": function (v) {\n        LocalCollection_ = v;\n    }\n}, 0);\nvar Matcher = void 0;\nmodule.watch(require(\"./matcher.js\"), {\n    \"default\": function (v) {\n        Matcher = v;\n    }\n}, 1);\nvar Sorter = void 0;\nmodule.watch(require(\"./sorter.js\"), {\n    \"default\": function (v) {\n        Sorter = v;\n    }\n}, 2);\nLocalCollection = LocalCollection_;\nMinimongo = {\n    LocalCollection: LocalCollection_,\n    Matcher: Matcher,\n    Sorter: Sorter\n};","map":{"version":3,"sources":["packages/minimongo/minimongo_common.js"],"names":["LocalCollection_","module","watch","require","v","Matcher","Sorter","LocalCollection","Minimongo"],"mappings":"AAAA,IAAIA,yBAAJ;AAAqBC,OAAOC,KAAP,CAAaC,QAAQ,uBAAR,CAAb,EAA8C;AAAA,yBAASC,CAAT,EAAW;AAACJ,2BAAiBI,CAAjB;AAAmB;AAA/B,CAA9C,EAA+E,CAA/E;AAAkF,IAAIC,gBAAJ;AAAYJ,OAAOC,KAAP,CAAaC,QAAQ,cAAR,CAAb,EAAqC;AAAA,yBAASC,CAAT,EAAW;AAACC,kBAAQD,CAAR;AAAU;AAAtB,CAArC,EAA6D,CAA7D;AAAgE,IAAIE,eAAJ;AAAWL,OAAOC,KAAP,CAAaC,QAAQ,aAAR,CAAb,EAAoC;AAAA,yBAASC,CAAT,EAAW;AAACE,iBAAOF,CAAP;AAAS;AAArB,CAApC,EAA2D,CAA3D;AAI9LG,kBAAkBP,gBAAlB;AACAQ,YAAY;AACRD,qBAAiBP,gBADT;AAERK,oBAFQ;AAGRC;AAHQ,CAAZ","file":"packages/minimongo/minimongo_common.js.map","sourcesContent":["import LocalCollection_ from './local_collection.js';\nimport Matcher from './matcher.js';\nimport Sorter from './sorter.js';\n\nLocalCollection = LocalCollection_;\nMinimongo = {\n    LocalCollection: LocalCollection_,\n    Matcher,\n    Sorter\n};\n"]},"hash":"d7542e263cfa5e4550690c1c6acd6fc4f14dab38"}
