{"metadata":{"usedHelpers":["typeof","interopRequireDefault"],"marked":[],"modules":{"imports":[],"exports":{"exported":[],"specifiers":[]}}},"options":{"filename":"packages/ejson/stringify.js","filenameRelative":"packages/ejson/stringify.js","env":{"development":{"plugins":[]}},"retainLines":false,"highlightCode":true,"suppressDeprecationMessages":false,"presets":[],"plugins":[[[],{"generateLetDeclarations":true,"enforceStrictMode":false}],[[],null],[[],{"polyfill":false}],[[],null],[[],null],[[],null],[[],{"allowTopLevelThis":true,"strict":false,"loose":true}],[[],null],[[],null],[[],null],[[],null],[[],null],[[],null],[[],null],[[],null],[[],null],[[],null],[[],null],[[],null],[[],{"loose":true}],[[],{"loose":true}],[[],null],[[],{"loose":true}],[[],null],[[],null],[[],null],[[],null],[[],null],[[],null],[[],{"loose":true}],[[],null],[[],null],[[],null],[[],null],[[],null],[[],null],[[],null]],"ignore":[],"code":true,"metadata":true,"ast":true,"comments":true,"compact":false,"minified":false,"sourceMap":true,"sourceMaps":true,"sourceMapTarget":"packages/ejson/stringify.js.map","sourceFileName":"packages/ejson/stringify.js","babelrc":false,"sourceType":"module","moduleIds":false,"passPerPreset":false,"parserOpts":false,"generatorOpts":false,"basename":"stringify"},"ignored":false,"code":"var _typeof2 = require(\"babel-runtime/helpers/typeof\");\n\nvar _typeof3 = _interopRequireDefault(_typeof2);\n\nfunction _interopRequireDefault(obj) { return obj && obj.__esModule ? obj : { \"default\": obj }; }\n\n// Based on json2.js from https://github.com/douglascrockford/JSON-js\n//\n//    json2.js\n//    2012-10-08\n//\n//    Public Domain.\n//\n//    NO WARRANTY EXPRESSED OR IMPLIED. USE AT YOUR OWN RISK.\nfunction quote(string) {\n  return JSON.stringify(string);\n}\n\nvar str = function (key, holder, singleIndent, outerIndent, canonical) {\n  var value = holder[key]; // What happens next depends on the value's type.\n\n  switch (typeof value === \"undefined\" ? \"undefined\" : (0, _typeof3.default)(value)) {\n    case 'string':\n      return quote(value);\n\n    case 'number':\n      // JSON numbers must be finite. Encode non-finite numbers as null.\n      return isFinite(value) ? String(value) : 'null';\n\n    case 'boolean':\n      return String(value);\n    // If the type is 'object', we might be dealing with an object or an array or\n    // null.\n\n    case 'object':\n      // Due to a specification blunder in ECMAScript, typeof null is 'object',\n      // so watch out for that case.\n      if (!value) {\n        return 'null';\n      } // Make an array to hold the partial results of stringifying this object\n      // value.\n\n\n      var innerIndent = outerIndent + singleIndent;\n      var partial = []; // Is the value an array?\n\n      if (Array.isArray(value) || {}.hasOwnProperty.call(value, 'callee')) {\n        // The value is an array. Stringify every element. Use null as a\n        // placeholder for non-JSON values.\n        var length = value.length;\n\n        for (var i = 0; i < length; i += 1) {\n          partial[i] = str(i, value, singleIndent, innerIndent, canonical) || 'null';\n        } // Join all of the elements together, separated with commas, and wrap\n        // them in brackets.\n\n\n        var _v = void 0;\n\n        if (partial.length === 0) {\n          _v = '[]';\n        } else if (innerIndent) {\n          _v = '[\\n' + innerIndent + partial.join(',\\n' + innerIndent) + '\\n' + outerIndent + ']';\n        } else {\n          _v = '[' + partial.join(',') + ']';\n        }\n\n        return _v;\n      } // Iterate through all of the keys in the object.\n\n\n      var keys = Object.keys(value);\n\n      if (canonical) {\n        keys = keys.sort();\n      }\n\n      keys.forEach(function (k) {\n        v = str(k, value, singleIndent, innerIndent, canonical);\n\n        if (v) {\n          partial.push(quote(k) + (innerIndent ? ': ' : ':') + v);\n        }\n      }); // Join all of the member texts together, separated with commas,\n      // and wrap them in braces.\n\n      if (partial.length === 0) {\n        v = '{}';\n      } else if (innerIndent) {\n        v = '{\\n' + innerIndent + partial.join(',\\n' + innerIndent) + '\\n' + outerIndent + '}';\n      } else {\n        v = '{' + partial.join(',') + '}';\n      }\n\n      return v;\n\n    default: // Do nothing\n  }\n}; // If the JSON object does not yet have a stringify method, give it one.\n\n\nvar canonicalStringify = function (value, options) {\n  // Make a fake root object containing our value under the key of ''.\n  // Return the result of stringifying the value.\n  var allOptions = Object.assign({\n    indent: '',\n    canonical: false\n  }, options);\n\n  if (allOptions.indent === true) {\n    allOptions.indent = '  ';\n  } else if (typeof allOptions.indent === 'number') {\n    var newIndent = '';\n\n    for (var i = 0; i < allOptions.indent; i++) {\n      newIndent += ' ';\n    }\n\n    allOptions.indent = newIndent;\n  }\n\n  return str('', {\n    '': value\n  }, allOptions.indent, '', allOptions.canonical);\n};\n\nmodule.exportDefault(canonicalStringify);","map":{"version":3,"sources":["packages/ejson/stringify.js"],"names":["quote","string","JSON","stringify","str","key","holder","singleIndent","outerIndent","canonical","value","isFinite","String","innerIndent","partial","Array","isArray","hasOwnProperty","call","length","i","v","join","keys","Object","sort","forEach","k","push","canonicalStringify","options","allOptions","assign","indent","newIndent","module","exportDefault"],"mappings":";;;;;;AAAA;AACA;AACA;AACA;AACA;AACA;AACA;AACA;AAEA,SAASA,KAAT,CAAeC,MAAf,EAAuB;AACrB,SAAOC,KAAKC,SAAL,CAAeF,MAAf,CAAP;AACD;;AAED,IAAMG,MAAM,UAACC,GAAD,EAAMC,MAAN,EAAcC,YAAd,EAA4BC,WAA5B,EAAyCC,SAAzC,EAAuD;AACjE,MAAMC,QAAQJ,OAAOD,GAAP,CAAd,CADiE,CAGjE;;AACA,iBAAeK,KAAf,uDAAeA,KAAf;AACA,SAAK,QAAL;AACE,aAAOV,MAAMU,KAAN,CAAP;;AACF,SAAK,QAAL;AACE;AACA,aAAOC,SAASD,KAAT,IAAkBE,OAAOF,KAAP,CAAlB,GAAkC,MAAzC;;AACF,SAAK,SAAL;AACE,aAAOE,OAAOF,KAAP,CAAP;AACF;AACA;;AACA,SAAK,QAAL;AACE;AACA;AACA,UAAI,CAACA,KAAL,EAAY;AACV,eAAO,MAAP;AACD,OALH,CAME;AACA;;;AACA,UAAMG,cAAcL,cAAcD,YAAlC;AACA,UAAMO,UAAU,EAAhB,CATF,CAWE;;AACA,UAAIC,MAAMC,OAAN,CAAcN,KAAd,KAAyB,EAAD,CAAKO,cAAL,CAAoBC,IAApB,CAAyBR,KAAzB,EAAgC,QAAhC,CAA5B,EAAuE;AACrE;AACA;AACA,YAAMS,SAAST,MAAMS,MAArB;;AACA,aAAK,IAAIC,IAAI,CAAb,EAAgBA,IAAID,MAApB,EAA4BC,KAAK,CAAjC,EAAoC;AAClCN,kBAAQM,CAAR,IACEhB,IAAIgB,CAAJ,EAAOV,KAAP,EAAcH,YAAd,EAA4BM,WAA5B,EAAyCJ,SAAzC,KAAuD,MADzD;AAED,SAPoE,CASrE;AACA;;;AACA,YAAIY,WAAJ;;AACA,YAAIP,QAAQK,MAAR,KAAmB,CAAvB,EAA0B;AACxBE,eAAI,IAAJ;AACD,SAFD,MAEO,IAAIR,WAAJ,EAAiB;AACtBQ,eAAI,QACFR,WADE,GAEFC,QAAQQ,IAAR,CAAa,QACbT,WADA,CAFE,GAIF,IAJE,GAKFL,WALE,GAMF,GANF;AAOD,SARM,MAQA;AACLa,eAAI,MAAMP,QAAQQ,IAAR,CAAa,GAAb,CAAN,GAA0B,GAA9B;AACD;;AACD,eAAOD,EAAP;AACD,OAtCH,CAwCE;;;AACA,UAAIE,OAAOC,OAAOD,IAAP,CAAYb,KAAZ,CAAX;;AACA,UAAID,SAAJ,EAAe;AACbc,eAAOA,KAAKE,IAAL,EAAP;AACD;;AACDF,WAAKG,OAAL,CAAa,aAAK;AAChBL,YAAIjB,IAAIuB,CAAJ,EAAOjB,KAAP,EAAcH,YAAd,EAA4BM,WAA5B,EAAyCJ,SAAzC,CAAJ;;AACA,YAAIY,CAAJ,EAAO;AACLP,kBAAQc,IAAR,CAAa5B,MAAM2B,CAAN,KAAYd,cAAc,IAAd,GAAqB,GAAjC,IAAwCQ,CAArD;AACD;AACF,OALD,EA7CF,CAoDE;AACA;;AACA,UAAIP,QAAQK,MAAR,KAAmB,CAAvB,EAA0B;AACxBE,YAAI,IAAJ;AACD,OAFD,MAEO,IAAIR,WAAJ,EAAiB;AACtBQ,YAAI,QACFR,WADE,GAEFC,QAAQQ,IAAR,CAAa,QACbT,WADA,CAFE,GAIF,IAJE,GAKFL,WALE,GAMF,GANF;AAOD,OARM,MAQA;AACLa,YAAI,MAAMP,QAAQQ,IAAR,CAAa,GAAb,CAAN,GAA0B,GAA9B;AACD;;AACD,aAAOD,CAAP;;AAEF,YA/EA,CA+ES;AA/ET;AAiFD,CArFD,C,CAuFA;;;AACA,IAAMQ,qBAAqB,UAACnB,KAAD,EAAQoB,OAAR,EAAoB;AAC7C;AACA;AACA,MAAMC,aAAaP,OAAOQ,MAAP,CAAc;AAC/BC,YAAQ,EADuB;AAE/BxB,eAAW;AAFoB,GAAd,EAGhBqB,OAHgB,CAAnB;;AAIA,MAAIC,WAAWE,MAAX,KAAsB,IAA1B,EAAgC;AAC9BF,eAAWE,MAAX,GAAoB,IAApB;AACD,GAFD,MAEO,IAAI,OAAOF,WAAWE,MAAlB,KAA6B,QAAjC,EAA2C;AAChD,QAAIC,YAAY,EAAhB;;AACA,SAAK,IAAId,IAAI,CAAb,EAAgBA,IAAIW,WAAWE,MAA/B,EAAuCb,GAAvC,EAA4C;AAC1Cc,mBAAa,GAAb;AACD;;AACDH,eAAWE,MAAX,GAAoBC,SAApB;AACD;;AACD,SAAO9B,IAAI,EAAJ,EAAQ;AAAC,QAAIM;AAAL,GAAR,EAAqBqB,WAAWE,MAAhC,EAAwC,EAAxC,EAA4CF,WAAWtB,SAAvD,CAAP;AACD,CAjBD;;AArGA0B,OAAOC,aAAP,CAwHeP,kBAxHf","file":"packages/ejson/stringify.js.map","sourcesContent":["// Based on json2.js from https://github.com/douglascrockford/JSON-js\n//\n//    json2.js\n//    2012-10-08\n//\n//    Public Domain.\n//\n//    NO WARRANTY EXPRESSED OR IMPLIED. USE AT YOUR OWN RISK.\n\nfunction quote(string) {\n  return JSON.stringify(string);\n}\n\nconst str = (key, holder, singleIndent, outerIndent, canonical) => {\n  const value = holder[key];\n\n  // What happens next depends on the value's type.\n  switch (typeof value) {\n  case 'string':\n    return quote(value);\n  case 'number':\n    // JSON numbers must be finite. Encode non-finite numbers as null.\n    return isFinite(value) ? String(value) : 'null';\n  case 'boolean':\n    return String(value);\n  // If the type is 'object', we might be dealing with an object or an array or\n  // null.\n  case 'object':\n    // Due to a specification blunder in ECMAScript, typeof null is 'object',\n    // so watch out for that case.\n    if (!value) {\n      return 'null';\n    }\n    // Make an array to hold the partial results of stringifying this object\n    // value.\n    const innerIndent = outerIndent + singleIndent;\n    const partial = [];\n\n    // Is the value an array?\n    if (Array.isArray(value) || ({}).hasOwnProperty.call(value, 'callee')) {\n      // The value is an array. Stringify every element. Use null as a\n      // placeholder for non-JSON values.\n      const length = value.length;\n      for (let i = 0; i < length; i += 1) {\n        partial[i] =\n          str(i, value, singleIndent, innerIndent, canonical) || 'null';\n      }\n\n      // Join all of the elements together, separated with commas, and wrap\n      // them in brackets.\n      let v;\n      if (partial.length === 0) {\n        v = '[]';\n      } else if (innerIndent) {\n        v = '[\\n' +\n          innerIndent +\n          partial.join(',\\n' +\n          innerIndent) +\n          '\\n' +\n          outerIndent +\n          ']';\n      } else {\n        v = '[' + partial.join(',') + ']';\n      }\n      return v;\n    }\n\n    // Iterate through all of the keys in the object.\n    let keys = Object.keys(value);\n    if (canonical) {\n      keys = keys.sort();\n    }\n    keys.forEach(k => {\n      v = str(k, value, singleIndent, innerIndent, canonical);\n      if (v) {\n        partial.push(quote(k) + (innerIndent ? ': ' : ':') + v);\n      }\n    });\n\n    // Join all of the member texts together, separated with commas,\n    // and wrap them in braces.\n    if (partial.length === 0) {\n      v = '{}';\n    } else if (innerIndent) {\n      v = '{\\n' +\n        innerIndent +\n        partial.join(',\\n' +\n        innerIndent) +\n        '\\n' +\n        outerIndent +\n        '}';\n    } else {\n      v = '{' + partial.join(',') + '}';\n    }\n    return v;\n\n  default: // Do nothing\n  }\n};\n\n// If the JSON object does not yet have a stringify method, give it one.\nconst canonicalStringify = (value, options) => {\n  // Make a fake root object containing our value under the key of ''.\n  // Return the result of stringifying the value.\n  const allOptions = Object.assign({\n    indent: '',\n    canonical: false,\n  }, options);\n  if (allOptions.indent === true) {\n    allOptions.indent = '  ';\n  } else if (typeof allOptions.indent === 'number') {\n    let newIndent = '';\n    for (let i = 0; i < allOptions.indent; i++) {\n      newIndent += ' ';\n    }\n    allOptions.indent = newIndent;\n  }\n  return str('', {'': value}, allOptions.indent, '', allOptions.canonical);\n};\n\nexport default canonicalStringify;\n"]},"hash":"d869da551efa77d6e869f2b18e8c0be681b39aea"}
