{"metadata":{"usedHelpers":[],"marked":[],"modules":{"imports":[],"exports":{"exported":[],"specifiers":[]}}},"options":{"filename":"packages/webapp/webapp_client_tests.js","filenameRelative":"packages/webapp/webapp_client_tests.js","env":{"development":{"plugins":[]}},"retainLines":false,"highlightCode":true,"suppressDeprecationMessages":false,"presets":[],"plugins":[[[],{"generateLetDeclarations":true,"enforceStrictMode":false}],[[],null],[[],{"polyfill":false}],[[],null],[[],null],[[],null],[[],{"allowTopLevelThis":true,"strict":false,"loose":true}],[[],null],[[],null],[[],null],[[],null],[[],null],[[],null],[[],null],[[],null],[[],null],[[],null],[[],null],[[],null],[[],{"loose":true}],[[],{"loose":true}],[[],null],[[],{"loose":true}],[[],null],[[],null],[[],null],[[],null],[[],null],[[],null],[[],{"loose":true}],[[],null],[[],null],[[],null],[[],null],[[],null],[[],null],[[],null]],"ignore":[],"code":true,"metadata":true,"ast":true,"comments":true,"compact":false,"minified":false,"sourceMap":true,"sourceMaps":true,"sourceMapTarget":"packages/webapp/webapp_client_tests.js.map","sourceFileName":"packages/webapp/webapp_client_tests.js","babelrc":false,"sourceType":"module","moduleIds":false,"passPerPreset":false,"parserOpts":false,"generatorOpts":false,"basename":"webapp_client_tests"},"ignored":false,"code":"// Regression test for #3730\nTinytest.add(\"webapp - runtime config\", function (test) {\n  test.equal(__meteor_runtime_config__.WEBAPP_TEST_A, '<p>foo</p>');\n  test.equal(__meteor_runtime_config__.WEBAPP_TEST_B, '</script>');\n});","map":{"version":3,"sources":["packages/webapp/webapp_client_tests.js"],"names":["Tinytest","add","test","equal","__meteor_runtime_config__","WEBAPP_TEST_A","WEBAPP_TEST_B"],"mappings":"AAAA;AACAA,SAASC,GAAT,CAAa,yBAAb,EAAwC,UAAUC,IAAV,EAAgB;AACtDA,OAAKC,KAAL,CAAWC,0BAA0BC,aAArC,EAAoD,YAApD;AACAH,OAAKC,KAAL,CAAWC,0BAA0BE,aAArC,EAAoD,WAApD;AACD,CAHD","file":"packages/webapp/webapp_client_tests.js.map","sourcesContent":["// Regression test for #3730\nTinytest.add(\"webapp - runtime config\", function (test) {\n  test.equal(__meteor_runtime_config__.WEBAPP_TEST_A, '<p>foo</p>');\n  test.equal(__meteor_runtime_config__.WEBAPP_TEST_B, '</script>');\n});\n"]},"hash":"e452f8932f7d8610aa2d58c6c8fc537182f963db"}
