{"metadata":{"usedHelpers":[],"marked":[],"modules":{"imports":[{"source":"meteor/templating","imported":["Template"],"specifiers":[{"kind":"named","imported":"Template","local":"Template"}]},{"source":"meteor/reactive-var","imported":["ReactiveVar"],"specifiers":[{"kind":"named","imported":"ReactiveVar","local":"ReactiveVar"}]},{"source":"./main.html","imported":[],"specifiers":[]}],"exports":{"exported":[],"specifiers":[]}}},"options":{"filename":"client/main.js","filenameRelative":"client/main.js","env":{"development":{"plugins":[]}},"retainLines":false,"highlightCode":true,"suppressDeprecationMessages":false,"presets":[],"plugins":[[[],{"generateLetDeclarations":true,"enforceStrictMode":false}],[[],null],[[],{"polyfill":false}],[[],null],[[],null],[[],null],[[],{"allowTopLevelThis":true,"strict":false,"loose":true}],[[],null],[[],null],[[],null],[[],null],[[],null],[[],null],[[],null],[[],null],[[],null],[[],null],[[],null],[[],null],[[],{"loose":true}],[[],{"loose":true}],[[],null],[[],{"loose":true}],[[],null],[[],null],[[],null],[[],null],[[],null],[[],null],[[],{"loose":true}],[[],null],[[],null],[[],null],[[],null],[[],null],[[],null],[[],null]],"ignore":[],"code":true,"metadata":true,"ast":true,"comments":true,"compact":false,"minified":false,"sourceMap":true,"sourceMaps":true,"sourceMapTarget":"client/main.js.map","sourceFileName":"client/main.js","babelrc":false,"sourceType":"module","moduleIds":false,"passPerPreset":false,"parserOpts":false,"generatorOpts":false,"basename":"main"},"ignored":false,"code":"var Template = void 0;\nmodule.watch(require(\"meteor/templating\"), {\n  Template: function (v) {\n    Template = v;\n  }\n}, 0);\nvar ReactiveVar = void 0;\nmodule.watch(require(\"meteor/reactive-var\"), {\n  ReactiveVar: function (v) {\n    ReactiveVar = v;\n  }\n}, 1);\nmodule.watch(require(\"./main.html\"));\nTemplate.hello.onCreated(function () {\n  function helloOnCreated() {\n    // counter starts at 0\n    this.counter = new ReactiveVar(0);\n    console.log('hello');\n    var holder = this.find('#holder'),\n        state = this.find('#status'); // if (typeof window.FileReader === 'undefined') {\n    // state.className = 'fail';\n    // } else {\n    // state.className = 'success';\n    // state.innerHTML = 'File API & FileReader available';\n    // }\n    // holder.ondragover = function () { this.className = 'hover'; return false; };\n    // holder.ondragend = function () { this.className = ''; return false; };\n    // holder.ondrop = function (e) {\n    // this.className = '';\n    // e.preventDefault();\n    // var file = e.dataTransfer.files[0],\n    // reader = new FileReader();\n    // reader.onload = function (event) {\n    //   console.log(event.target);\n    //   holder.style.background = 'url(' + event.target.result + ') no-repeat center';\n    // };\n    // console.log(file);\n    // reader.readAsDataURL(file);\n    // return false;\n    // };\n  }\n\n  return helloOnCreated;\n}());\nTemplate.hello.helpers({\n  counter: function () {\n    return Template.instance().counter.get();\n  }\n});\nTemplate.hello.events({\n  'click button': function (event, instance) {\n    // increment the counter when button is clicked\n    instance.counter.set(instance.counter.get() + 1);\n  }\n});","map":{"version":3,"sources":["client/main.js"],"names":["Template","module","watch","require","v","ReactiveVar","hello","onCreated","helloOnCreated","counter","console","log","holder","find","state","helpers","instance","get","events","event","set"],"mappings":"AAAA,IAAIA,iBAAJ;AAAaC,OAAOC,KAAP,CAAaC,QAAQ,mBAAR,CAAb,EAA0C;AAACH,UAAD,YAAUI,CAAV,EAAY;AAACJ,eAASI,CAAT;AAAW;AAAxB,CAA1C,EAAoE,CAApE;AAAuE,IAAIC,oBAAJ;AAAgBJ,OAAOC,KAAP,CAAaC,QAAQ,qBAAR,CAAb,EAA4C;AAACE,aAAD,YAAaD,CAAb,EAAe;AAACC,kBAAYD,CAAZ;AAAc;AAA9B,CAA5C,EAA4E,CAA5E;AAA+EH,OAAOC,KAAP,CAAaC,QAAQ,aAAR,CAAb;AAKnLH,SAASM,KAAT,CAAeC,SAAf;AAAyB,WAASC,cAAT,GAA0B;AACjD;AACA,SAAKC,OAAL,GAAe,IAAIJ,WAAJ,CAAgB,CAAhB,CAAf;AACAK,YAAQC,GAAR,CAAY,OAAZ;AACA,QAAIC,SAAS,KAAKC,IAAL,CAAU,SAAV,CAAb;AAAA,QACAC,QAAQ,KAAKD,IAAL,CAAU,SAAV,CADR,CAJiD,CAOjD;AACA;AACA;AACA;AACA;AACA;AAEA;AACA;AACA;AACA;AACA;AAEA;AACA;AACA;AACA;AACA;AACA;AACA;AACA;AAEA;AACA;AACD;;AA/BD,SAAkCL,cAAlC;AAAA;AAiCAR,SAASM,KAAT,CAAeS,OAAf,CAAuB;AACrBN,SADqB,cACX;AACR,WAAOT,SAASgB,QAAT,GAAoBP,OAApB,CAA4BQ,GAA5B,EAAP;AACD;AAHoB,CAAvB;AAMAjB,SAASM,KAAT,CAAeY,MAAf,CAAsB;AACpB,gBADoB,YACLC,KADK,EACEH,QADF,EACY;AAC9B;AACAA,aAASP,OAAT,CAAiBW,GAAjB,CAAqBJ,SAASP,OAAT,CAAiBQ,GAAjB,KAAyB,CAA9C;AACD;AAJmB,CAAtB","file":"client/main.js.map","sourcesContent":["import { Template } from 'meteor/templating';\nimport { ReactiveVar } from 'meteor/reactive-var';\n\nimport './main.html';\n\nTemplate.hello.onCreated(function helloOnCreated() {\n  // counter starts at 0\n  this.counter = new ReactiveVar(0);\n  console.log('hello');\n  var holder = this.find('#holder'),\n  state = this.find('#status');\n\n  // if (typeof window.FileReader === 'undefined') {\n  // state.className = 'fail';\n  // } else {\n  // state.className = 'success';\n  // state.innerHTML = 'File API & FileReader available';\n  // }\n\n  // holder.ondragover = function () { this.className = 'hover'; return false; };\n  // holder.ondragend = function () { this.className = ''; return false; };\n  // holder.ondrop = function (e) {\n  // this.className = '';\n  // e.preventDefault();\n\n  // var file = e.dataTransfer.files[0],\n  // reader = new FileReader();\n  // reader.onload = function (event) {\n  //   console.log(event.target);\n  //   holder.style.background = 'url(' + event.target.result + ') no-repeat center';\n  // };\n  // console.log(file);\n  // reader.readAsDataURL(file);\n\n  // return false;\n  // };\n});\n\nTemplate.hello.helpers({\n  counter() {\n    return Template.instance().counter.get();\n  },\n});\n\nTemplate.hello.events({\n  'click button'(event, instance) {\n    // increment the counter when button is clicked\n    instance.counter.set(instance.counter.get() + 1);\n  },\n});\n"]},"hash":"edde67bc106aee5046b5d723c77f6a2ddf05c2cb"}
