{"metadata":{"usedHelpers":[],"marked":[],"modules":{"imports":[{"source":"meteor/templating","imported":["Template"],"specifiers":[{"kind":"named","imported":"Template","local":"Template"}]},{"source":"meteor/reactive-var","imported":["ReactiveVar"],"specifiers":[{"kind":"named","imported":"ReactiveVar","local":"ReactiveVar"}]},{"source":"./main.html","imported":[],"specifiers":[]}],"exports":{"exported":[],"specifiers":[]}}},"options":{"filename":"client/main.js","filenameRelative":"client/main.js","env":{"development":{"plugins":[]}},"retainLines":false,"highlightCode":true,"suppressDeprecationMessages":false,"presets":[],"plugins":[[[],{"generateLetDeclarations":true,"enforceStrictMode":false}],[[],null],[[],{"polyfill":false}],[[],null],[[],null],[[],null],[[],{"allowTopLevelThis":true,"strict":false,"loose":true}],[[],null],[[],null],[[],null],[[],null],[[],null],[[],null],[[],null],[[],null],[[],null],[[],null],[[],null],[[],null],[[],{"loose":true}],[[],{"loose":true}],[[],null],[[],{"loose":true}],[[],null],[[],null],[[],null],[[],null],[[],null],[[],null],[[],{"loose":true}],[[],null],[[],null],[[],null],[[],null],[[],null],[[],null],[[],null]],"ignore":[],"code":true,"metadata":true,"ast":true,"comments":true,"compact":false,"minified":false,"sourceMap":true,"sourceMaps":true,"sourceMapTarget":"client/main.js.map","sourceFileName":"client/main.js","babelrc":false,"sourceType":"module","moduleIds":false,"passPerPreset":false,"parserOpts":false,"generatorOpts":false,"basename":"main"},"ignored":false,"code":"var Template = void 0;\nmodule.watch(require(\"meteor/templating\"), {\n  Template: function (v) {\n    Template = v;\n  }\n}, 0);\nvar ReactiveVar = void 0;\nmodule.watch(require(\"meteor/reactive-var\"), {\n  ReactiveVar: function (v) {\n    ReactiveVar = v;\n  }\n}, 1);\nmodule.watch(require(\"./main.html\"));\n\nTemplate.fuckit.rendered = function () {\n  var myDropzone = new Dropzone(\"div#myId\", {\n    url: \"/upload\",\n    uploadMultiple: true,\n    method: 'post'\n  });\n  myDropzone.on(\"completemultiple\", function (file) {\n    console.log('here is your file dick weed' + JSON.stringify(file)); //myDropzone.removeFile(file);\n\n    gifShot();\n  });\n};\n\nfunction gifShot() {\n  debugger;\n  gifshot.createGIF({\n    'images': ['https://images-na.ssl-images-amazon.com/images/I/41-3EPGOcGL.jpg', 'https://vignette3.wikia.nocookie.net/ben10/images/b/b0/Kev%27s_car.jpg/revision/latest?cb=20110418140048', 'http://i.imgur.com/2OO33vX.jpg']\n  }, function (obj) {\n    debugger;\n\n    if (!obj.error) {\n      var image = obj.image; //animatedImage = document.createElement('img');\n      //animatedImage.src = image;\n      //document.body.appendChild(animatedImage);\n    }\n  });\n}","map":{"version":3,"sources":["client/main.js"],"names":["Template","module","watch","require","v","ReactiveVar","fuckit","rendered","myDropzone","Dropzone","url","uploadMultiple","method","on","file","console","log","JSON","stringify","gifShot","gifshot","createGIF","obj","error","image"],"mappings":"AAAA,IAAIA,iBAAJ;AAAaC,OAAOC,KAAP,CAAaC,QAAQ,mBAAR,CAAb,EAA0C;AAACH,UAAD,YAAUI,CAAV,EAAY;AAACJ,eAASI,CAAT;AAAW;AAAxB,CAA1C,EAAoE,CAApE;AAAuE,IAAIC,oBAAJ;AAAgBJ,OAAOC,KAAP,CAAaC,QAAQ,qBAAR,CAAb,EAA4C;AAACE,aAAD,YAAaD,CAAb,EAAe;AAACC,kBAAYD,CAAZ;AAAc;AAA9B,CAA5C,EAA4E,CAA5E;AAA+EH,OAAOC,KAAP,CAAaC,QAAQ,aAAR,CAAb;;AAOnLH,SAASM,MAAT,CAAgBC,QAAhB,GAA2B,YAAW;AACpC,MAAIC,aAAa,IAAIC,QAAJ,CAAa,UAAb,EAAyB;AAAEC,SAAK,SAAP;AAAkBC,oBAAe,IAAjC;AAAuCC,YAAO;AAA9C,GAAzB,CAAjB;AAEAJ,aAAWK,EAAX,CAAc,kBAAd,EAAkC,UAASC,IAAT,EAAe;AAC/CC,YAAQC,GAAR,CAAY,gCAAgCC,KAAKC,SAAL,CAAeJ,IAAf,CAA5C,EAD+C,CAE/C;;AACAK;AACD,GAJD;AAMD,CATD;;AAWA,SAASA,OAAT,GAAmB;AACjB;AACAC,UAAQC,SAAR,CAAkB;AAChB,cAAU,CAAC,kEAAD,EAAqE,0GAArE,EAAiL,gCAAjL;AADM,GAAlB,EAEE,UAASC,GAAT,EAAc;AACd;;AACA,QAAG,CAACA,IAAIC,KAAR,EAAe;AACb,UAAIC,QAAQF,IAAIE,KAAhB,CADa,CAEb;AACA;AACA;AACD;AACF,GAVD;AAWD","file":"client/main.js.map","sourcesContent":["import { Template } from 'meteor/templating';\nimport { ReactiveVar } from 'meteor/reactive-var';\n\nimport './main.html';\n\n\n\nTemplate.fuckit.rendered = function() {\n  var myDropzone = new Dropzone(\"div#myId\", { url: \"/upload\", uploadMultiple:true, method:'post'});\n\n  myDropzone.on(\"completemultiple\", function(file) {\n    console.log('here is your file dick weed' + JSON.stringify(file));\n    //myDropzone.removeFile(file);\n    gifShot();\n  });\n\n}\n\nfunction gifShot() {\n  debugger;\n  gifshot.createGIF({\n    'images': ['https://images-na.ssl-images-amazon.com/images/I/41-3EPGOcGL.jpg', 'https://vignette3.wikia.nocookie.net/ben10/images/b/b0/Kev%27s_car.jpg/revision/latest?cb=20110418140048', 'http://i.imgur.com/2OO33vX.jpg']\n  },function(obj) {\n    debugger;\n    if(!obj.error) {\n      var image = obj.image;\n      //animatedImage = document.createElement('img');\n      //animatedImage.src = image;\n      //document.body.appendChild(animatedImage);\n    }\n  });\n}\n"]},"hash":"eedc740ab9b969af46c31c088f733a446d1d2a1b"}
