{"metadata":{"usedHelpers":[],"marked":[],"modules":{"imports":[],"exports":{"exported":["name"],"specifiers":[{"kind":"local","local":"name","exported":"name"}]}}},"options":{"filename":"packages/bmcdonald:gif-builder/gif-builder.js","filenameRelative":"packages/bmcdonald:gif-builder/gif-builder.js","env":{"development":{"plugins":[]}},"retainLines":false,"highlightCode":true,"suppressDeprecationMessages":false,"presets":[],"plugins":[[[],{"generateLetDeclarations":true,"enforceStrictMode":false}],[[],null],[[],{"polyfill":false}],[[],null],[[],null],[[],null],[[],{"allowTopLevelThis":true,"strict":false,"loose":true}],[[],null],[[],null],[[],null],[[],null],[[],null],[[],null],[[],null],[[],null],[[],null],[[],null],[[],null],[[],null],[[],{"loose":true}],[[],{"loose":true}],[[],null],[[],{"loose":true}],[[],null],[[],null],[[],null],[[],null],[[],null],[[],null],[[],{"loose":true}],[[],null],[[],null],[[],null],[[],null],[[],null],[[],null],[[],null]],"ignore":[],"code":true,"metadata":true,"ast":true,"comments":true,"compact":false,"minified":false,"sourceMap":true,"sourceMaps":true,"sourceMapTarget":"packages/bmcdonald:gif-builder/gif-builder.js.map","sourceFileName":"packages/bmcdonald:gif-builder/gif-builder.js","babelrc":false,"sourceType":"module","moduleIds":false,"passPerPreset":false,"parserOpts":false,"generatorOpts":false,"basename":"gif-builder"},"ignored":false,"code":"var module1 = module;\nmodule1.export({\n    name: function () {\n        return name;\n    }\n});\n\n// Write your package code here!\nfunction fileReadTest() {\n    var fr = new FileReader();\n\n    fr.onload = function () {\n        resolve(this.result);\n    };\n\n    fr.readAsDataURL('http://localhost/uploads~/unit-test.jpg');\n}\n\nfunction createGifTest() {\n    gifshot.createGIF({\n        images: ['http://localhost/uploads~/unit-test.jpg'],\n        interval: .8\n    }, function (obj) {\n        if (!obj.error) {\n            return obj.image;\n        }\n    });\n} // Variables exported by this module can be imported by other packages and\n// applications. See gif-builder-tests.js for an example of importing.\n\n\nvar name = 'gifbuilder';","map":{"version":3,"sources":["packages/bmcdonald:gif-builder/gif-builder.js"],"names":["module1","module","export","name","fileReadTest","fr","FileReader","onload","resolve","result","readAsDataURL","createGifTest","gifshot","createGIF","images","interval","obj","error","image"],"mappings":"AAAA,IAAMA,UAAQC,MAAd;AAAqBD,QAAQE,MAAR,CAAe;AAACC,UAAK;AAAA,eAAIA,IAAJ;AAAA;AAAN,CAAf;;AAArB;AAEA,SAASC,YAAT,GAAuB;AAEf,QAAIC,KAAK,IAAIC,UAAJ,EAAT;;AACAD,OAAGE,MAAH,GAAY,YAAU;AACpBC,gBAAQ,KAAKC,MAAb;AACD,KAFD;;AAGAJ,OAAGK,aAAH,CAAiB,yCAAjB;AAED;;AAEP,SAASC,aAAT,GAAwB;AAEhBC,YAAQC,SAAR,CAAkB;AACdC,gBAAQ,CAAC,yCAAD,CADM;AAEdC,kBAAU;AAFI,KAAlB,EAGI,UAASC,GAAT,EAAc;AACV,YAAG,CAACA,IAAIC,KAAR,EAAe;AACX,mBAAOD,IAAIE,KAAX;AACH;AACF,KAPP;AAQP,C,CAED;AACA;;;AACO,IAAMf,OAAO,YAAb","file":"packages/bmcdonald:gif-builder/gif-builder.js.map","sourcesContent":["// Write your package code here!\n\nfunction fileReadTest(){\n    \n        var fr = new FileReader();  \n        fr.onload = function(){\n          resolve(this.result);\n        };\n        fr.readAsDataURL('http://localhost/uploads~/unit-test.jpg');\n    \n      }\n    \nfunction createGifTest(){\n        \n        gifshot.createGIF({\n            images: ['http://localhost/uploads~/unit-test.jpg'],\n            interval: .8\n          },function(obj) {\n                if(!obj.error) {\n                    return obj.image;\n                }\n              })\n}\n\n// Variables exported by this module can be imported by other packages and\n// applications. See gif-builder-tests.js for an example of importing.\nexport const name = 'gifbuilder';\n\n\n"]},"hash":"f2ed432a93543c1dd0b8b69da26598949104df79"}
