{"metadata":{"usedHelpers":[],"marked":[],"modules":{"imports":[{"source":"meteor/tinytest","imported":["Tinytest"],"specifiers":[{"kind":"named","imported":"Tinytest","local":"Tinytest"}]},{"source":"meteor/bmcdonald:gif-builder","imported":["name"],"specifiers":[{"kind":"named","imported":"name","local":"packageName"}]}],"exports":{"exported":[],"specifiers":[]}}},"options":{"filename":"packages/bmcdonald:gif-builder/gif-builder-tests.js","filenameRelative":"packages/bmcdonald:gif-builder/gif-builder-tests.js","env":{"development":{"plugins":[]}},"retainLines":false,"highlightCode":true,"suppressDeprecationMessages":false,"presets":[],"plugins":[[[],{"generateLetDeclarations":true,"enforceStrictMode":false}],[[],null],[[],{"polyfill":false}],[[],null],[[],null],[[],null],[[],{"allowTopLevelThis":true,"strict":false,"loose":true}],[[],null],[[],null],[[],null],[[],null],[[],null],[[],null],[[],null],[[],null],[[],null],[[],null],[[],null],[[],null],[[],{"loose":true}],[[],{"loose":true}],[[],null],[[],{"loose":true}],[[],null],[[],null],[[],null],[[],null],[[],null],[[],null],[[],{"loose":true}],[[],null],[[],null],[[],null],[[],null],[[],null],[[],null],[[],null]],"ignore":[],"code":true,"metadata":true,"ast":true,"comments":true,"compact":false,"minified":false,"sourceMap":true,"sourceMaps":true,"sourceMapTarget":"packages/bmcdonald:gif-builder/gif-builder-tests.js.map","sourceFileName":"packages/bmcdonald:gif-builder/gif-builder-tests.js","babelrc":false,"sourceType":"module","moduleIds":false,"passPerPreset":false,"parserOpts":false,"generatorOpts":false,"basename":"gif-builder-tests"},"ignored":false,"code":"var Tinytest = void 0;\nmodule.watch(require(\"meteor/tinytest\"), {\n  Tinytest: function (v) {\n    Tinytest = v;\n  }\n}, 0);\nvar packageName = void 0;\nmodule.watch(require(\"meteor/bmcdonald:gif-builder\"), {\n  name: function (v) {\n    packageName = v;\n  }\n}, 1);\n//test getting image as base64\n//test getting image as base64\nTinytest.add('gif-builder - get base64 Image', function (test) {\n  var base64 = packageName.fileReadTest();\n  test.equal(base64, \"gif-builder\");\n}); //test building gif\n\nTinytest.add('gif-builder - build gif', function (test) {\n  var gif = packageName.fileReadTest();\n  test.equal(gif, \"gif-builder\");\n});","map":{"version":3,"sources":["packages/bmcdonald:gif-builder/gif-builder-tests.js"],"names":["Tinytest","module","watch","require","v","packageName","name","add","test","base64","fileReadTest","equal","gif"],"mappings":"AAAA,IAAIA,iBAAJ;AAAaC,OAAOC,KAAP,CAAaC,QAAQ,iBAAR,CAAb,EAAwC;AAACH,UAAD,YAAUI,CAAV,EAAY;AAACJ,eAASI,CAAT;AAAW;AAAxB,CAAxC,EAAkE,CAAlE;AAAqE,IAAIC,oBAAJ;AAAgBJ,OAAOC,KAAP,CAAaC,QAAQ,8BAAR,CAAb,EAAqD;AAACG,MAAD,YAAMF,CAAN,EAAQ;AAACC,kBAAYD,CAAZ;AAAc;AAAvB,CAArD,EAA8E,CAA9E;AAMlG;AACA;AACAJ,SAASO,GAAT,CAAa,gCAAb,EAA+C,UAAUC,IAAV,EAAgB;AAC7D,MAAIC,SAASJ,YAAYK,YAAZ,EAAb;AACAF,OAAKG,KAAL,CAAWF,MAAX,EAAmB,aAAnB;AACD,CAHD,E,CAKA;;AACAT,SAASO,GAAT,CAAa,yBAAb,EAAwC,UAAUC,IAAV,EAAgB;AACtD,MAAII,MAAMP,YAAYK,YAAZ,EAAV;AACAF,OAAKG,KAAL,CAAWC,GAAX,EAAgB,aAAhB;AACD,CAHD","file":"packages/bmcdonald:gif-builder/gif-builder-tests.js.map","sourcesContent":["// Import Tinytest from the tinytest Meteor package.\nimport { Tinytest } from \"meteor/tinytest\";\n\n// Import and rename a variable exported by gif-builder.js.\nimport { name as packageName } from \"meteor/bmcdonald:gif-builder\";\n\n//test getting image as base64\n//test getting image as base64\nTinytest.add('gif-builder - get base64 Image', function (test) {\n  var base64 = packageName.fileReadTest();\n  test.equal(base64, \"gif-builder\");\n});\n\n//test building gif\nTinytest.add('gif-builder - build gif', function (test) {\n  var gif = packageName.fileReadTest();\n  test.equal(gif, \"gif-builder\");\n});\n\n"]},"hash":"f634507229672c5e10cbf4d413db9f784d6e60a5"}
