{"metadata":{"usedHelpers":[],"marked":[],"modules":{"imports":[],"exports":{"exported":[],"specifiers":[]}}},"options":{"filename":"packages/bmcdonald:gif-builder/gif-builder-template.js","filenameRelative":"packages/bmcdonald:gif-builder/gif-builder-template.js","env":{"development":{"plugins":[]}},"retainLines":false,"highlightCode":true,"suppressDeprecationMessages":false,"presets":[],"plugins":[[[],{"generateLetDeclarations":true,"enforceStrictMode":false}],[[],null],[[],{"polyfill":false}],[[],null],[[],null],[[],null],[[],{"allowTopLevelThis":true,"strict":false,"loose":true}],[[],null],[[],null],[[],null],[[],null],[[],null],[[],null],[[],null],[[],null],[[],null],[[],null],[[],null],[[],null],[[],{"loose":true}],[[],{"loose":true}],[[],null],[[],{"loose":true}],[[],null],[[],null],[[],null],[[],null],[[],null],[[],null],[[],{"loose":true}],[[],null],[[],null],[[],null],[[],null],[[],null],[[],null],[[],null]],"ignore":[],"code":true,"metadata":true,"ast":true,"comments":true,"compact":false,"minified":false,"sourceMap":true,"sourceMaps":true,"sourceMapTarget":"packages/bmcdonald:gif-builder/gif-builder-template.js.map","sourceFileName":"packages/bmcdonald:gif-builder/gif-builder-template.js","babelrc":false,"sourceType":"module","moduleIds":false,"passPerPreset":false,"parserOpts":false,"generatorOpts":false,"basename":"gif-builder-template"},"ignored":false,"code":"Template.gifbuilder.onRendered(function () {});","map":{"version":3,"sources":["packages/bmcdonald:gif-builder/gif-builder-template.js"],"names":["Template","gifbuilder","onRendered"],"mappings":"AAGAA,SAASC,UAAT,CAAoBC,UAApB,CAA+B,YAAU,CAExC,CAFD","file":"packages/bmcdonald:gif-builder/gif-builder-template.js.map","sourcesContent":["\n\n\nTemplate.gifbuilder.onRendered(function(){ \n   \n})"]},"hash":"fdfa217f0fcda87854848c0e4d8d97116e349613"}
